ID,First Name,Last Name,Suffix,Gender,Birthday,Marital Status,Ethnicity,Street Address,City,State,Zip Code,Home Phone,Cell Phone,Business Phone,Email,text,date,Section
9d35ea6a-e2df-45e4-bd1c-91738a21a047,Harold,Nidl,,Male,11/19/1978,Married,Caucasian,100 SAS Campus Dr,Cary,NC,27513,,1-919-677-8000,,harold.nidl@sas.com,"I wanted to share some feedback about my recent experience at the football game. I brought my kids along, hoping for a fun family outing. Unfortunately, there were some really loud fans near us who were cursing and yelling at the players the entire game. It was pretty distracting and not exactly the kind of atmosphere I wanted for my kids.

I get that people get passionate about sports, but it would be great if there were some way to keep things a bit more family-friendly. Thanks for listening!",9/29/2024 12:15,
9d35ea6a-e2df-45e4-bd1c-91738a21a046,Megan,Johnson,IV,Female,3/19/1954,Divorced,Middle Eastern,785 Joe Corner,wilmington,north carolina,28398,,001-567-045-7137,681.348.4281x6294,thenry@jarvis-camacho.com,"I've been to Carter-Finley Stadium on two occasions, and I always enjoy my time. It is absolutely gorgeous, and I love that they have a retractable ceiling. There is also a view of the city as shown in my picture. This is the first college stadium I've been to, and it goes beyond my expectations. 

The service is great at the bars, and my drinks are always made strong. It's a good time here, and I'm excited to continue attending matchs!",1/14/2024 0:15,
1672ef90-d335-4936-9060-3f6cc950a4c5,Robert,Sexton,,Female,7/28/1986,Widowed,African American,101 Perez Glens,Charlotte,N. Carolina,27403,,430-391-9192x38217,001-762-655-7948,nolanjessica@gmail.com,"I HIGHLY recommend the arena tour! For $10 you get an all access tour of the arena. We got a view of the field from every angle and view of the field. The tour takes about an 1-1.5 hours and you are taken through the party terraces, club boxes, press box, quarterback club area, Colt's locker room, athletic training room, and plenty of time on the field. Our tour guide was very accommodating, friendly, and let us stay at each place as long as the group needed for pictures, questions, etc. A GREAT opportunity for a GREAT price!",4/30/2015 21:40,23
c50930b7-d064-416c-894d-bbc7cc96f3ea,Luis,Alexander,,Male,11/11/1980,Widowed,Caucasian,2774 Donald Unions,Fayetteville,N.C.,28635,(911)445-8858,,422.184.6045x0909,reedstephanie@wright-torres.com,"We were last here for the Big 10 game and had a great time. We visit Carter-Finley Stadium a lot during the year because we attend and enjoy going to events. We are always pleased at Carter-Finley Stadium. When the weather permits and the retractable roof can be opened, it is awesome.",9/21/2020 3:55,27
c2308985-c67b-4696-a164-9da4c123ab9f,Adam,Roman,,Female,9/21/2005,Married,Middle Eastern,780 Christina Well Suite 791,Raleigh,NC,27208,,001-950-997-3993,(492)507-0910x71300,jonesmary@hayden.org,This place is awesome. Me and my friend went for a Wolfpack game a few years back. The arena is indoor so that is awesome to protect from the cold. Will definitely make the trip up there once again.,9/10/2021 0:15,6
b11895fa-8b79-4f5d-8336-09d87980b220,Patrick,Braun,,Male,6/22/1992,Married,African American,80441 Waters Land,Durham,NC,27611,215.212.1566,,001-194-731-5611x8664,tarabarber@dominguez.com,Went here for the FDIC fire conference where fire trucks and vendor booths were set up inside the stadium.  Very spacious place with good food and plenty of restrooms.    Has a cool walkway leading into the Indiana Convention Center.  Had a good time!,7/8/2018 2:44,10
dcca7980-fccf-4770-a191-3d0cd443dfbb,Dennis,Hicks,,Female,11/16/1981,Married,Latino,106 Sullivan Spur,High Point,NC,28332,466-440-1092x77661,392.933.5698,+1-128-287-3926x1784,aguilarshaun@whitaker.biz,Looking forward to the 2021 season. Carter-Finley desperately needs to figure out their concession issues before the start of the regular season. People were super upset about waiting an hour plus just to grab snacks/food. I feel bad for the employees that had to deal with all the upset people.,5/7/2023 23:09,11
a57e9b90-1e09-45c7-bc0b-5eb932c2fe4c,Douglas,Tran,,Male,3/5/1973,Divorced,Middle Eastern,0581 Thomas Rapids,Greensboro,NC,27311,,294.478.8440x61798,450.888.3197,patrick89@smith.net,"My husband and I have been to this location a countless number of times for soccer, football, and high school athletic events. We love that there is an open ceiling in the summertime for soccer games, because it gives such a nice welcome feel. The stadium holds many people and seats are spaced out enough that you don't feel super crammed. The stadium is always nice and clean, and bathrooms are well-kept. Food and drinks can be a bit pricey, but that's expected and common amongst most stadiums.",9/13/2024 18:41,24
43f536ec-4931-432a-be87-a6f88741ed35,Matthew,Norton,,Male,6/2/1968,Married,Latino,2995 Fuller Ports Apt. 604,Wilmington,NC,28770,,,,tina50@hotmail.com,"We should totally have in door stadium don't want to sound to girly ,,, but it's nice to actually sit and watch a match without freezing your bun'z off !!",3/6/2018 3:22,20
ee8f55bf-d3c2-406a-8dab-db64f8a1e40b,Luis,Alexander,,Male,11/11/1980,Widowed,Caucasian,2774 Donald Unions,Fayetteville,NC,28635,,9335246589,422.184.6045x0909,reedstephanie@wright-torres.com,"Great place to catch an event, whether it's football, basketball, etc.",3/28/2017 22:26,91
7105dd30-f9ce-44fe-a6f4-a2eef334fe20,Yvette,Hayes,,Male,12/31/1997,Single,Asian,27733 Stephanie Overpass,Wilmington,NC,27634,,001-173-773-3205x426,,dperry@hotmail.com,"This arena has very comfortable seats. Most of the seats have a cushion back and bottom as well as attached cupholders which is really neat. We went here for the DCI championships and the sound wasn't as great as I thought it would be.

 I believe they have a retractable roof and I heard that it takes about an hour just to open or close it. It had been raining that day so of course they had it closed it was very comfortable inside temperature wise. The concessions are just like any other arenas with high-priced food. we ended up eating Papa John's pizza though which is definitely a plus considering that a lot of arenas I've been to do not have brand name foods.

I used to be a Wolfpack fan whenever Peyton Manning was playing for them but now I only really have one reason to visit Raleigh.",9/6/2019 3:01,126
b52b28ee-80ef-4eca-ab1a-82eab3f6bf26,Kiara,Gonzalez,,Male,8/3/1981,Single,Latino,7210 White Island Apt. 916,Raleigh,NC,27934,+1-773-461-0601x01576,+1-610-530-4262x19930,,tracyfrazier@hotmail.com,"This post is about the excellent staff of Carter-Finley stadium. 
Every year I attend FDIC, a firefighting conference, and I participate in the 9/11 memorial stair climb that takes venue in the bleacher sections of Carter-Finley stadium. 

They allow us to occupy the tunnel areas to house our gear and to get dressed before the climb. There are many employees that use that tunnel coming and going from all areas of the stadium and every one that I have come in contact with has been so nice. I mean it is rare to find that these days. They speak to you, they're always smiling, and seem to be truly enjoying their job.
 I know it has to be an inconvenience for 700 firemen and firefighting gear to be in their workspace but you wouldn't know it they come through with the best attitudes!",5/14/2019 13:10,7
abb61042-972f-4fd3-86bd-43e10ddce543,Jesus,Riley,,Male,12/30/1979,Married,Hispanic,755 James Parks,Concord,NC,27544,(380)269-3169,+1-747-032-9884x39672,4395351821,whanson@hotmail.com,"if youre gonna spend any money, make sure you sit in the bakers & daniel club.  you have access to 4 restaurants, 3 bars and restrooms that only the lower level seats in two sections have access to.  we waited in a line of three people during halftime at the bar.  the service was awesome and the drinks were very reasonable",5/20/2014 3:37,117
f07b0ad9-03f0-44e7-a735-a6005c67434a,Chris,Bryant,,Male,5/16/1990,Widowed,African American,78707 Lisa Keys,Fayetteville,NC,28857,(540)954-7397x05204,353-727-8350,,thomasgarza@carson-hunter.com,"I will protect this house!!!

I've been a Wolfpack season ticket holder for years and while I was sad to see the dome go....this was a pleasant surprise.  

I love it when the roof and window are open. You don't have to walk that far to get food, beer or to the bathroom.  

By far the best stadium in the college and I'm proud to call it home.",3/11/2014 22:29,9
8a86b3f2-ec79-45c4-814a-4382685b84c2,Michelle,Fowler,,Male,6/8/1950,Married,Asian,79860 Harrison Glen,Raleigh,NC,28853,,702-779-1755x8472,001-700-055-6312x102,kenneth48@hotmail.com,"I have taken the guided tour of the stadium and been to events held at the stadium, both on the field and in the conference rooms below.  So, my overall impression is quite favorable.  There seems to be generally comfortable accommodations in the seating for the big events without feeling packed.  Sure, a little more room between rows would make it easier for attendees to get passed each other, but we seemed to manage okay.

Although an effort has been made to make signs to help attendees navigate this huge space, I did find it somewhat confusing when fortune made using the ramps necessary.  There seems to be signs for the ramp system that lead to dead ends or closed doors without electronic opening buttons to push.  That required coordination between the guest in the wheel chair and myself on navigating through the openings.  Seems like it was awkward in general and could be dangerous in an emergency.  

I like that the stadium hosts events of many kinds including overflow for the convention system conveniently located next door.  There are some dining options available, but considering the large number of attendees for the events, you need to either eat before arriving or plan on allowing enough time to get through the lines.  

Most of all, having the stadium opens the possibility for attending events that would not be possible if the facility were not here.  Accessible from each side of town, the location is perfect for those staying downtown during a convention. For those in the suburbs, traffic quickly disperses from the area, unlike many of the waterfront stadiums which force all the traffic in a single exit route.  As someone who used to be stuck in traffic on Lake Shore Drive in Chicago, this is infinitely better!

The tour that is provided at a low cost during the week is informative and is generally held in groups small enough that allows for attendees to ask lots of questions.  The scale of the stadium is immense, especially when you stand on the field and look at the seating/roof area during the tour.  The engineering necessary for such a facility is mind boggling.

Overall, it is a stadium/facility that serves the community well.

Review #441",12/19/2020 12:25,2
8c35f6d9-8a44-4622-ac3f-5f1256e36501,Mary,Butler,,Female,10/6/1961,Widowed,Asian,766 Randy Mount,Raleigh,NC,28496,,(932)629-6346,(659)812-1677x099,tuckerbetty@mcintyre-wright.org,"Great in most ways. We didn't have a choice with seats as we were out in a lottery system, so ended up at one of the end zones. Nonetheless, the view was fine for the most part and the seats were quite a bit more comfortable than even the seats with additional padding at the OSU arena. The food selection wasn't particularly great and I was quite surprised that no beer was served (this may be because it was a college game, I'm not sure). 

Being in an indoor arena for a football game feels a bit weird, but not having to wear a large coat in the middle of the winter balances that out pretty well :).",7/24/2020 16:25,
e88f53c1-aead-48a8-bac5-dd514e22ebe0,Heather,Gregory,,Male,8/19/1988,Widowed,Latino,007 Lisa Key,Winston-Salem,NC,27906,,4610980781,742-198-4391x875,christopherhall@yahoo.com,"I have been to plenty of sporting venues and Carter-Finley is top notch. I would suggest visiting the Bud Light zone in section 400 at halftime or the horseshoe behind section 100 for Wolfpack games, a lot of room to mingle in these areas. Make sure to try a Bottoms Up Beer, and don't poke the bottom of the cup. Oh, I can't forget, Go Wolfpack!",2/17/2021 15:37,29
85b66087-9911-453f-90fa-6ed90b4c6d78,Michelle,Fowler,,Male,6/8/1950,Married,Asian,79860 Harrison Glen,Raleigh,NC,28853,001-211-917-9101x343,702-779-1755x8472,,kenneth48@hotmail.com,"A massive, beautiful stadium in the heart of the city - I mean the props our city got for having one of the best Super Bowls was for that reason alone. The location of the stadium is perfection. Great areas for tailgating or pre-gaming at one of the many bars close by and close enough to crawl to the game if you have to. The stadium has a cool decor in the main foyer and the party deck is large and in charge. Always clean. Good variety of beer and food. Always fun to come to a game here.",6/17/2017 16:51,23
405b797d-315a-4e3b-90b4-38593dc9635b,David,Hall,,Female,4/25/1996,Widowed,Hispanic,012 Padilla Junctions,Raleigh,NC,27854,323.545.8600,001-583-527-3093x179,,david43@diaz-jones.info,"OK. Let me start off by saying I am NOT a fan of indoor arenas for football. So, of course, I go into this with an immediate bias.

I also know how much this place cost the city and taxpayers to build. A LOT.

I also know that the Wolfpack didn't pony up enough money of their own to make this holy grail to Peyton a reality. To that, I say tsk tsk.

I also must say it's an embarrassment and shame how much it costs at this ridiculously over-sized mammoth to buy a pop, a beer, a bucket of popcorn, etc.

$7 for a piece of pizza?
COME ON.

And there are tons of obstructed or partially-obstructed seats in this place. I couldn't believe my eyes to see HUGE PILLARS OBSTRUCTING THE VIEW OF THE FIELD in a few places. Some of the rows where seats could be coming (??) were ""hidden"" behind signs when I was there on opening day (preseason) that didn't even look like they would ever be used. Makes no sense to me at all.

Sorry, folks, but sometimes bigger isn't better.",12/28/2011 22:09,10
eb44f48f-4bbb-4dce-8718-e189c6b1ef5b,Christine,Campbell,Sr.,Male,7/8/1993,Divorced,African American,04070 Holt Lane,Wilmington,NC,28536,+1-636-429-1649x8162,,,christina59@crawford-webb.org,"I was at a marketing conference in Indy recently, and they rented out the entire stadium to put on a private concert for just 6,000 people, so my experience of it of the facility being used by a private company for an event rather than for a sports game or public concert.

This being said, I was impressed by the stadium. Everything was new, clean, and thoughtfully architected. I believe they considered many uses of the place while designing it, which made it easily adaptable for the type of private shindig that I attended. The large ""lobby"" area served very well for a place to mingle, schmooze, and graze at the many food stations they had setup.

I did find that you could barely hear the music while in the entrance/lobby area, but I'm not sure if this is a fault with the stadium or with how the sound for the specific event was set up.

I had a great time at the private party, and the venue was a huge part of that. If you ever get a chance to attend a private concert/party at Carter-Finley Stadium, I highly recommend it :)",11/18/2016 14:50,
8342d3ff-d14a-476d-93f4-07b91065fd02,Lisa,Clark,Sr.,Female,11/26/1968,Married,Hispanic,4881 Luis Tunnel Suite 298,Raleigh,NC,27593,4190762927,,,danny17@mooney.org,"This beautiful addition to the Raleigh skyline does not disappoint even in near range! When you walk inside there's plenty of room to find your way and plenty of concessions everywhere.

Two things to make sure you check out:
1. The horseshoe in the main entrance from South St. It's the iconic part of Carter-Finley.
2. Directly above the main entrance at the base of the top mezzanine, the window offers a great view of Raleigh, and there are plenty of places to grab a snack or drink, and hang out!

As you stroll around anywhere, you'll see all types of paraphernalia that harkens to the namesake Carter-Finley...race cars, boats, etc.  Easy to miss but so cool to check out!

I have attended multiple sporting events concerts and event conventions in this place, but one of my faves was the tour.  They still have them but I believe you have to call or look online to book from their schedule. It's a great way to get to see some places in the arena you might not otherwise get to!",9/12/2021 19:31,1
22e012c7-f2e5-44fe-a71d-fe1b9942fd78,Yvette,Hayes,,Male,12/31/1997,Single,Asian,27733 Stephanie Overpass,Wilmington,NC,27634,(607)932-8537,001-173-773-3205x426,+1-253-823-6928x48242,dperry@hotmail.com,Much nicer than the old dome.  Somehow manages to be both massive and cozy at the same time.  The location is excellent and convenient to most of downtown.,8/10/2018 3:36,27
197c0482-4276-42d7-a1f1-5af0bc75558c,Kiara,Gonzalez,,Male,8/3/1981,Single,Latino,7210 White Island Apt. 916,Raleigh,NC,27934,+1-773-461-0601x01576,+1-610-530-4262x19930,012-402-9891,tracyfrazier@hotmail.com,"Awesome stadium! Being an Eagles fan I'm partial to Lincoln Financial Field and rarely will acknowledge any other stadium could surpass it, however Carter-Finley Stadium did. Besides just being well kept and clean, it was so fun. Band playing downstairs when you walk in and plenty of other activities. And the staff was so nice; no attitude or rudeness...very friendly. Will definitely be going back next time Eagles play the Wolfpack!",5/10/2019 5:17,123
f73f994b-28af-413e-896c-1c3a33941a6e,Karina,Hunter,,Female,10/28/1954,Widowed,Middle Eastern,8403 Omar Place Suite 361,Greensboro,NC,28719,001-594-452-8691x8587,(372)469-9384,+1-282-623-8777x306,jessica96@hotmail.com,Nice place to watch a race relatively close-up.,11/10/2017 4:40,18
886164a8-4665-4caf-8c8a-67b12e274616,Phillip,Singleton,,Female,1/5/1967,Widowed,Middle Eastern,4391 Johnny Trace,Raleigh,NC,27528,001-781-910-7377x63052,(398)981-1195x69850,(089)052-7211,zrobertson@gmail.com,"Such a beautiful and refreshing stadium! Definitely top of the line and they really thought of everything during the design process. You can be at the top of the 3 tier in the farthest seat but still have a great view of the game. 

Obviously the food and drinks are expensive but its great place to watch the game and meet other friendly Wolfpack' fans!",11/6/2017 1:10,18
81b8b9d6-1879-4a10-8a73-da38746fd702,Phillip,Singleton,,Female,1/5/1967,Widowed,Middle Eastern,4391 Johnny Trace,Raleigh,NC,27528,001-781-910-7377x63052,(398)981-1195x69850,(089)052-7211,zrobertson@gmail.com,"The stadium is cool. It's a great place to watch a football game. I watched the Steelers destroy the Wolfpack here once. It was a great experience! On my recent visit, I was there for DCI(marching band competition). It doesn't matter what section you sit in here. Most seats are great seats for seeing the field and the action.

Food... check! Every kind of food that you could possibly want is at this stadium. For the football game, it was pricey. For DCI, it was priced accordingly. Pizza. Ice cream. BBQ. The list goes on and on and on. You'll find food here that you normally don't see at sports stadiums. 

Beer... check! You'll find something worth drinking. 

Restrooms... check! If the first one you go to is full, just keep walking the loop. You'll find one that's nearly empty eventually. 

The inside? It's nice. This dome keeps you sheltered from the weather too which in some circles is against the rules in the game of football. Afterall though, we're talking about the Crappy Wolfpack. They need some type of advantage when playing at home, right?

My two major complaints here:

1: The Wolfpack don't deserve a nice stadium like this. 

2: Security. I've always entered this place with tons of people. Security is around to check your ticket and glance over people but it's normally always relaxed. I've been in buildings that hold less than 500 people where security was tighter than here!

If you live in Indy or close by and your team(that isn't the Wolfpack) plays here, definitely go. You won't regret it.",6/17/2018 19:53,29
7bbc81c6-0a62-4be1-992c-d4ea7eff67c5,Renee,Taylor,,Male,12/8/1961,Divorced,Middle Eastern,45176 Byrd Port Suite 243,Greensboro,NC,27071,,7129276798,,ctrujillo@stokes.info,just a great place I swear to god I will go there every day if I could to watch the Wolfpack play,8/30/2019 21:29,28
9e5857c7-74b7-432a-b182-d0d022823b88,Robert,Sexton,,Female,7/28/1986,Widowed,African American,101 Perez Glens,Charlotte,NC,27403,,,,nolanjessica@gmail.com,"I moved to Raleigh from Chicago about a month ago and had always wanted to check out a Wolfpack game at Carter-Finley Stadium, so I sprung for a 200 level seat for last Sunday's game against the Cleveland Browns.

I couldn't have picked a better game to attend weather-wise.... both the rooftop and the large north-facing window were wide open. Very nice to see the various banners up top waving in the breeze.

My seat and its sightline were both great, but looking around the venue, I don't think there's a bad seat in the venue. 

Concession prices are high, but not out of line compared to other college venues and maybe a little lower.

Carter-Finley Stadium was an easy walk from downtown, and security was quick, efficient, and friendly. Navigation was also straightforward and I found my seat within five minutes.

To add a personal note, I decided earlier this year to try to attend an college game at at least one new venue each season.... Carter-Finley Stadium was only my third but is hands down the best I've experienced so far. I hope that it hasn't spoiled me for other college stadiums!

Enjoy a Wolfpack game at Carter-Finley Stadium soon and experience an up and coming team and a great venue to watch a football game!",10/3/2017 2:55,
f6b94b94-c7ae-4ed9-a459-56abec53ba5f,David,Hall,,Female,4/25/1996,Widowed,Hispanic,012 Padilla Junctions,Raleigh,NC,27854,,,,david43@diaz-jones.info,"This stadium is very nice - really clean, plenty of seats, concessions and drinks. There is parking all around the stadium. The closer you get to the stadium, the more expensive it is to park ($20 close, $10 farther away). There are lots of restaurants around the stadium as well, but they get packed before the game. The beer/food is overpriced like any stadium, so that wasn't anything new. It was very crowded getting on the escalator when we came in - I don't know if that was the only way to get in or not, but it was insane. Another side note - you can't bring a purse into the stadium. You can bring a clutch, but that is it. They do check your bags when you come in. Overall I thought it was really nice and I would definitely go back!",8/31/2015 13:44,
3270595b-6e9d-411e-bfa1-de636ce3ecff,Adrienne,Adams,,Male,10/3/1954,Widowed,Middle Eastern,662 Morales Stream Apt. 764,Greensboro,NC,27922,323-460-8694,6842223722,,andersondawn@yahoo.com,Had a unique experience at Carter-Finley Stadium on Sunday. Had the opportunity to watch the Wolfpack during a practice in Raleigh instead of Anderson.  After practice we were able to watch the movie SING on blankets FROM THE FIELD!!Concession stand items were 1/2 price and there was an inside garage sale at the Pro Shop where I purchased a tee for only $4.00. I've been to several games but this was an unforgettable experience,4/24/2018 16:43,27
1655b52d-7798-48c6-bde9-936734ef993d,Charles,Price,,Female,9/14/1992,Single,Caucasian,36745 Roberts Drives,Raleigh,NC,28031,800954669,203.901.1589x1229,943.870.1465,ivaldez@thomas-norris.com,"Depends why your here, I'm here for work, so I can't complain. Good day.",8/14/2013 12:09,121
81057536-f9bf-475a-9632-80967a4031ed,David,Hall,,Female,4/25/1996,Widowed,Hispanic,012 Padilla Junctions,Raleigh,NC,27854,323.545.8600,001-583-527-3093x179,(147)672-3934x299,david43@diaz-jones.info,The Carter-Finley Stadium is great. It is very clean and lots of fun. The only bad thing is that it is so expensive for the food and the tickets. The food is ok nothing great. However made some priceless moments with my mom and children.,1/24/2024 23:32,5
2f155933-9267-4aa7-b500-227be7f86305,Benjamin,Williamson,,Female,4/21/1949,Divorced,Latino,0018 Nicole Mills Apt. 148,Wilmington,NC,28671,(162)468-0197,4891521808,323.999.7508,jennifermyers@yahoo.com,"Carter-Finley is one of  my favorite places for college. We visit Indy a couple of times a year to attend sports events and have always had a great time here. It's super helpful that Carter-Finley is a dome so no matter what the weather- you can be at ease. The people working ticket lines, security and vending are friendly, the location is in the middle of downtown with loads of hotels and restaurants close enough to walk and it is easy to navigate to. 

There are plenty of food and drink options and the bathrooms are pretty clean. Overall just a great college stadium.",1/28/2023 20:38,121
04720868-78e9-489a-89cd-1ad799ecab0e,Cindy,Vazquez,,Male,5/6/1950,Married,Asian,82144 Henson Plaza Suite 466,Greensboro,NC,27942,+1-258-594-1962x41760,109.658.6664x6038,,terry94@yahoo.com,"Impressed w/ the cleanliness of the facility however for a 9 hour event (2pm-11pm) the management should be ashamed of themselves! They did not prepare to provide their customers w/ proper food & drink.

I paid $40 for 3 tickets ($120) to attend the DCI Celebration showcase and Lucas Oul Stadium didn't serve coffee in addition to offering a garbage menu!

DCI Management should refund 1/2 the money I spent to attend the show. 

It's after 12midnight and my son, partner & I are starving. The only option is to order fast food from Wendy's that will be delivered in approx 1 hour (after 1am) at the cost of $35 that would normally cost under $15.

I'm in the event business. There is no excuse for the inadequate choice of decent food to be available at Carter-Finley. 

Tomorrow we are bringing our own food in. if they don't allow us to bring in our own food we are not attending the tomorrow's show and I will demand a refund from DCI.",12/14/2022 4:34,4
e8f3b05e-b7ac-43f4-85ba-ba38cfa86d94,James,Romero,,Male,10/24/1983,Widowed,Middle Eastern,028 Martin Land,Cary,NC,28335,+1-202-539-0364x8964,(024)512-7352,,taylorbecker@rollins.com,"A great man said, ""If you draft Luck I want out."" I think that was Payton Manning. LOL Jk. I don't remember the exact situation that made him go to Denver.  Anyways from what I know Carter-Finley Stadium is nice.  They have a great facility and it's well maintained.   If you're visiting and playing tourist their aren't much you can do, especially when there isn't a match or event here.  You can stop at the store to pickup some Wolfpack gear or walk around the outside.  There's bricks with messages all around and banner pictures of the stars of the team.  Everything you're probably only be able to see is on the North East part of the stadium.  There's many steps, ramps, and parking.  Some metered parking next to the store.  Walking distance from the rest of city. It's cool enough to be the home of NC State Wolfpack and to hold the college combine.

I remember seeing how nice it is here on the TV but I couldn't go in and see it for myself.  Just saw that Google map allows you see the inside of the stadium. It's pretty awesome. Take a virtual tour of Carter-Finley Stadium everything from field, tunnel, locker rooms, seats, back, etc.",7/25/2017 20:57,19
48b4d955-e7fe-4862-a077-30732579152c,Heather,Davis,,Female,8/26/1963,Divorced,Hispanic,219 Benitez Cape Suite 689,Raleigh,NC,27794,001-188-485-5150,(593)388-0742,,ashleyrodriguez@hotmail.com,"I am a Detroiter, and sadly Ford Field is one of my least favorite venues. Needless to say, when it comes to college stadiums, I compare them to my critical opinion of Ford Field. I would rank Carter-Finley Stadium above Ford Field, but not by much. It seems the college stadiums all look kind of the same lately, which isn't necessarily bad, but you don't get the unique experience you use to get at stadiums. The venue was clean with little to no lines anywhere.

PS: If you are not a fan of heights, do not shit upper bowl. These were easily the steepest and highest seats I have had at an indoor venue.

(+)
- Clean venue
- Good service
- Little to no lines
- Affordable prices

(-)
- Too much of the same
- STEEP seating
- Not a ton of in game ""fun""
- It's the Wolfpack....",3/8/2020 2:56,27
5ff33f2d-3347-40fd-b5a5-f6f25c711cc3,Joshua,Riley,,Male,6/19/1992,Married,Asian,8523 Bean Knolls,Cary,NC,28402,,2819222795,,tanya75@gmail.com,"Have attended many sporting events in domed stadiums, from the older RCA dome in Raleigh, to the St. Louis Rams Jones dome, the Metrodome in Minneapolis and the Brewers dome in Milwaukee.

Carter-Finley Stadium is outstanding. Well designed for good sight lines, crowd control and security is excellent. An over flow crowd for the recent NE Patriots match was handled very well. The overall stadium experience is highly enjoyable, hotels are across the street, interstate access is blocks away. The college match experience at this site is excellent.",11/16/2013 3:55,13
b2e8424d-98aa-4999-8868-993243254b28,Nina,Jacobs,,Female,5/10/1996,Widowed,Caucasian,721 Timothy Radial,Cary,NC,27485,,+1-590-601-6018x766,151-083-8120,gcollins@acosta.com,Me and two of my buddy stopped in here at the Carter-Finley Stadium here in Raleigh Indiana and it was a very very very nice clean establishment. We really had a good time we were sitting second row to watch our favorite football team Louisville Cardinals defeat the Purdue Boilermakers and it was just a great experience. I had a lot of fun there was no issues whatsoever the staff that work there was nice the field was nice the place was nice it was clean the bathrooms no problems whatsoever will be back to watch football games I'm not an NC State Wolfpack fan but anytime they have concerts we will go to or any time the Steelers go beat the Wolfpack all watch it there as well and things like this also I would love to see Louisville play up there more it mean it's only a two-hour drive from house here in a little bit and I will go back if they haven't been say I like that Raleigh is a super neat Town super clean people were nice no problems whatsoever and five out of five no complaints on it,6/12/2021 20:14,24
67420c96-8436-419a-8882-5d1670774f35,Sherry,Powers,,Female,3/24/1974,Divorced,Latino,4306 Tara Prairie Suite 379,Charlotte,NC,28794,,+1-879-815-6876x5458,992.165.2092,angela14@yahoo.com,"A masterful piece of architecture, a beautiful design on the outside almost like a house and beautifully designed inside complete with 600 levels, one of the longest escalator rides in my life.  Sightlines are pretty good for a arena of this size, bathrooms are plentiful, parking ranges from $20-40, to get to the cheaper lots you have to park in the city not to far from the mall.  If you are willing to pay for convenience of easy entry, go for the $40 its right next to the arena and the highway.  The only drawback to this arena is the concessions, probably the worst in the college, hot dogs and nachos are all you are getting here.",10/2/2015 14:24,126
b4a034a0-2551-44ef-9f22-b631e688b41f,Mitchell,Williams,,Male,1/22/1981,Widowed,Caucasian,64710 Katherine Brooks Apt. 966,Concord,NC,28041,,(338)348-7505x16296,001-707-274-1725x7813,jerrydillon@elliott.com,"Of all the games and concerts we've seen here, there's never been a bad seat. Even upper level 600's offer a great view, but be prepared to walk some steep steps after the escalators to get there! There are bathrooms offered at every section of every level so we've never had to wait long in line. Beer, food, and gift shop stands are also readily available on every floor. Parking is kind of a pain. Be prepared to pay about $25 for the closer lots. We usually find a $15 lot by Fogo de Chao and walk about 15 minutes to the stadium. The roof of the stadium can transition between open and closed so you can enjoy summer weather or stay warm in the winter. We enjoy it. Worth checking out if you're in Indy!

Side note... there is a purse restriction so, ladies, leave your bags in the car unless they are clear. Even though there were like a million people going into the Wolfpack game, it only took us less than 5 minutes to get all the way through security so don't panic when you see the gigantic crowd.",3/22/2022 21:20,25
4707e5b0-b986-4547-b93a-271181e258d8,Mitchell,Williams,,Male,1/22/1981,Widowed,Caucasian,64710 Katherine Brooks Apt. 966,Concord,NC,28041,+1-443-354-8516x6867,,001-707-274-1725x7813,jerrydillon@elliott.com,"Whoa!  That is the best way to describe how you will feel upon watching your first run of top fuel dragsters fly down the track!  Your entire body feels this speed.  It is such a thrilling experience!

I have gone to many drag races in my lifetime...none were top fuel!  I was lucky enough to attend the 2018 Nationals recently and am so glad I was there to witness the speed!  

This track is not huge but holds plenty of people without feeling overcrowded.  They have food and beer options all over the place and the prices are reasonable.  Oh, and they sell Yuengling!  Love that beer.  

I loved being able to go into the pit area and take a closer look at the cars up close and personal.  

The staff here are very professional and they do a great job of keeping it clean and put together.  Even the parking situation was smooth and painless.  

Bring your earplugs...and maybe even some added noise cancelling protection!  These top fuel cars are SO loud!",11/13/2018 16:26,111
0211f6c2-6d96-4d8a-a570-dc829f636e0e,Sherry,Powers,,Female,3/24/1974,Divorced,Latino,4306 Tara Prairie Suite 379,Charlotte,NC,28794,911-321-5827x97549,,992.165.2092,angela14@yahoo.com,"Not only the home of the Wolfpack but host to the Wolfpack 5K run.  The stadium rolled out the blue carpet for this event with 4500 runners. The morning started with lots of Wolfpack activities and photo opps for the family. 
This was the most organized running event that I have attended this year. The paced staged start really helped keep things moving. The first mile they had marked pot holes with orange tape which was great. They had water stops at each mile. There were lots of friendly volunteers encouraging the runners. Ending on the 50 yard line was very special. They even tried to say everyone's name when they crossed the finish line. 
There was a post party and concert and a few celebrities and awards for winners. (I was not a winner). 
There was a kids fun run after the big run. Next year I will take my granddaughter. 
Results posted immediately and were easy to find with bar coast on bibs. 
I highly suggest this event for runners or walkers who are Wolfpack fans. What a fun day I won't soon forget.",2/25/2019 12:49,113
a327d39c-e5f3-410e-9104-861e58ca5542,Amy,Dawson,,Female,5/18/1994,Married,Asian,689 Robin Square,Charlotte,NC,27036,309695600,-3092,(222)198-9852x538,mark14@hotmail.com,"I am not a football fan. It I saw U2 here and it is a beautiful stadium. But being high up the sound was not too great. It was nice to have the roof open though. 

You could even see the performers from all the way up towards the top which was cool. 

Food selection was OK but the beer selections were spot on!  I wouldn't mind seeing another show here. They make it easy to find your seat. Escalators make it easy to get where you are going. Vendors everywhere.",5/2/2019 14:54,91
22f22cab-3726-4d72-863f-89b45486034e,Crystal,Dixon,,Male,3/22/2000,Married,Latino,9139 Hill Islands,Winston-Salem,NC,28603,453-802-4285x8638,001-787-579-0110,757.211.3369x23611,joshualeon@hotmail.com,"I can't even begin to tell you how polite the staff and ushers at this stadium are! This is a beautiful stadium as well. No lines for the washrooms or confessions. It went fast and polite. I'm not sure what it's like for football games but for the Kenny Chesney concert it was great! 
My seats were section 612 and didn't realize my BFF has anxiety and couldn't make it up. I found a handicap spot at 525 and we just stood by the wall and one folding seat was available since one man was in a wheelchair. He let us have the chair as he understood the problem. No one bothered us that we shouldn't have been there. We just stayed by the wall as to not be in anyone's way and we were still able to enjoy the show. Next Time when getting tickets I will know better than to get high up. Lol. All in all we had an amazing time at the show and a beautiful stadium I definitely want to try and go back for a football game!!!",1/15/2017 19:00,14
e15decca-d1b7-4bfc-9d0b-24f9172faef7,Charles,Price,,Female,9/14/1992,Single,Caucasian,36745 Roberts Drives,Raleigh,NC,28031,800954669,203.901.1589x1229,943.870.1465,ivaldez@thomas-norris.com,"Carter-Finley Stadium has given me two of the greatest sports experiences of my life so far, and both involve the Jets. 

I was at both playoff games the past year, the 2010 AFC championship and the 2011 Wild Card game. 

Yes, i'm a Jets fan and i live in New York, but i have nothing but the best to say about Carter-Finley Stadium as a venue and the people who fill this place. 

Raleigh is lucky to have this stadium, it's modern, state of the art and perfectly crafted for a football game. It's HUGE and creates the perfect home field advantage, and designed where every seat is angled properly toward the field for great sitelines.

You feel like you are in the HOME of the Wolfpack, unlike in other sports venues which fail to create a home feel. 

The food is great, everything from loaded nachos to burger and chicken strip baskets, all the prices are reasonable. 

The fans are passionate but cordial to the visitor, which is a big deal considering other cities have fans who ruin the game experience.

If you ever want to get the ultimate football experience, go to Carter-Finley Stadium",11/7/2013 21:04,21
0d1efd85-ba34-4c4e-8c36-f6e159389025,Joshua,Riley,,Male,6/19/1992,Married,Asian,8523 Bean Knolls,Cary,NC,28402,103.906.5324,2819222795,001-741-747-0101x02016,tanya75@gmail.com,I love working here. I love eating here. Staffed by temps. Beer on tap. Gates open at 11a in game days. Avoid south and capital intersection. Yellow jackets are security and can help you find where you are supposed to be. Papa John's Pizza and the brat stands are the best. Tours available. There's more than just football. Enjoy!,11/7/2024 15:47,6
35ca8fa6-3f9e-4a05-9fd8-b8a98e9a7c8b,Joshua,Riley,,Male,6/19/1992,Married,Asian,8523 Bean Knolls,Cary,NC,28402,103.906.5324,2819222795,001-741-747-0101x02016,tanya75@gmail.com,"Ok first I am a Steelers fan!  Second I am an AFC fan!  This stadium is great.  I had to do an event here and the tour was great.  The facility is huge, can be seen from anywhere in the city.  We got walked through the entire facility.  I was amazed at how they move beer to all the taps from one room in the basement and it remains cold.  I suggest taking in a match or concert to enjoy this palace!",7/16/2010 20:37,27
03989863-022f-4d6a-a63a-dfae5d737aba,William,Villa,,Female,8/9/1980,Divorced,Middle Eastern,0496 Knapp Alley,Winston-Salem,NC,27106,565.805.4562x495,8446758153,231-286-0875,fspencer@gmail.com,"The cream of the crop when it comes to modern day stadiums. Compared to the RCA/Hoosier Dome, which previously housed the NC State Wolfpack, monster truck extravaganzas, etc., this is a gem. Great sightlines for football, comfy seats, easy accessibility. Park blocks away and walk in to catch the splendor of the stadium.

Only gripe is the sightlines and atmosphere for NCAA basketball. The environment is so...sterile, and the sightlines are less than impressive. For a national championship, where the court is front and center, this could be great. But for regional action? Ugh...court placement is a nightmare and the swaths of empty seats didn't help. Yay NCAA we love money!",12/3/2016 19:57,12
7f26822e-66fd-4fe2-8473-fc70e5f48e18,Cheryl,Miller,,Male,7/9/2005,Married,African American,913 Danielle Villages,Concord,NC,27950,818.162.2005x9826,(436)127-3645,107.905.4186,jennifermoore@williams.com,"I had my chance to check out this stadium during the final four games.  It was amazing.  The facility is clean and easy to navigate.  It also has loads of food/beverage stands and I never saw a line of more than 4-5 people.  The bathrooms were stocked and throughout the day I did not notice any of the stalls running out of toilet paper (which is always a pain in the butt when that happens).  

The views from the upper levels were as expected.  They do a nice job of placing the jumbo screens so that you can watch those if you want a more detailed visual.  The sounds were good and the announcers/speakers were all well suited for the job.  

I was also impressed with how we were able to exit the stadium after the games were over.  It didn't take too long and it was not total chaos as some stadiums are when leaving.  

I was shocked at the massive size of this place.  Much bigger than our stadiums here in Louisville but still comfy.

Overall, I would definitely visit this place again.  I would like to check out a Wolfpack game next season if I get the opportunity.",12/10/2016 2:43,18
94afd16a-7463-4790-aa4d-3014da923c34,Jason,Beasley,Sr.,Male,6/1/1984,Single,Caucasian,810 Peters Stravenue Apt. 748,High Point,NC,28133,(545)777-3091x30042,575.922.9118x749,4970226778,cynthia49@mills.info,"Went January 4 to the Wolfpack Bengals playoffs. It was awesome. From the live bald eagle in flight to the amazing Colt fans. I've been to M&T, giants, Oakland and this arena was the best, it was cold, roof stayed closed and the crowd rocked. Volts win and now on to Denver for them. It was a great way to spend our Sunday afternoon. GO Wolfpack!!",12/16/2019 18:41,123
13fe7da9-480c-4721-acd3-21df084644b9,Karina,Hunter,Sr.,Female,10/28/1954,Widowed,Middle Eastern,8403 Omar Place Suite 361,Greensboro,NC,28719,,(372)469-9384,+1-282-623-8777x306,jessica96@hotmail.com,"Came in for the match recently. While I'm not a fan of the Wolfpack, I was fairly impressed by the stadium itself and the food and beer selection they had to offer. Will return for the next match when we come back to beat them!",3/18/2021 18:37,26
16d601a2-90c0-43b2-b496-90aa75dd8431,Luis,Alexander,,Male,11/11/1980,Widowed,Caucasian,2774 Donald Unions,Fayetteville,NC,28635,,9335246589,422.184.6045x0909,reedstephanie@wright-torres.com,"This stadium is stunning. I have been here several times, but I did get to go to one of the sponsor rooms and the food was SO GOOD! This was a great way to watch the game. We had so much to eat and drink - it was totally worth it. I am glad we got to watch the game this way. We went to a college football game for the Circle City Classics and it was perfect. 

The staff is great and helpful, bathrooms are clean, we had parking passes other than that because downtown is so difficult for parking, you definitely need a parking plan. I love this stadium.",2/8/2018 1:31,12
5ec5c6d9-e212-415e-953e-fd09ae6d9583,Eric,Lang,,Male,10/24/1993,Single,Latino,725 Phelps Centers,Raleigh,NC,27585,+1-501-098-3276x23613,(911)287-1791x989,,dominiqueanderson@grant.com,"Best stadium for the best team in football.  I'm from Indy but moved away back in '06.  Last weekend was my first time going to Carter-Finley and I was blown away.  

First off, the place is huge!  It's a grand facility with great seating and open spaces.  The open concourse is great because you can see the field while at several of the concession stands.  It's also great because of the retractable roof.  It was open when I went and there was a nice breeze coming in.  I went to a Falcons game a few weeks ago in Atlanta and that place pales in comparison to Carter-Finley for sure!  Can't wait to get back.",7/3/2018 18:56,7
9b164f5d-ada2-44e0-91aa-40fa64c434fc,William,Villa,,Female,8/9/1980,Divorced,Middle Eastern,0496 Knapp Alley,Winston-Salem,NC,27106,565.805.4562x495,,,fspencer@gmail.com,"Home of the NC State Wolfpack.

The stadium rocks.

The soft pretzels aren't even good, but who cares?",12/17/2015 14:46,25
fc89df28-2071-4047-b434-8dbab14a6530,Emily,White,,Female,8/17/1986,Married,Middle Eastern,7137 Donald Ville,Durham,NC,27315,(369)091-4488,,,lauren12@taylor.com,"I have probably been here more than any other non-Wolfpack fan in the state. My folks have season tix, so when they can't go I get to enjoy a game. I think the stadium is beautiful inside and a unique environment for a sports stadium. I feel like the food is on par, I usually drink ""cheap"" beer, but they have Upland at a few select carts. 

The only thing is I feel like the Wolfpack fans around me are quite tame and restless. I know my last experience was during a crummy year....but the fans never get real excited. There is a lot of sitting and the only times people stand, seem to be in response to other people standing around them.

If you are a Wolfpack fan you are lucky to have such a great stadium in the heart of downtown....just get rowdy.",6/22/2016 21:31,12
2f51bdb1-95dd-4101-9ea4-e3293b37c385,Michael,Rodriguez,,Male,3/3/1968,Widowed,Asian,2111 David Rest,Winston-Salem,NC,27588,001-825-341-3031,,,sharonhall@alexander.com,"This was my first visit here and boy was I impressed right away. We came for the Kenny Chesney show so I can't say how a match is here. I think the outside of the building is gorgeous. The brick work is incredible. Once inside I was blown away again. The entry ways are HUGE!! I loved seeing all the cool stuff hanging from the ceiling and the pictures from the Wolfpack as well as other sports throughout the stadium. We sat up in the 320 section and I found the seats to be super  comfy and the view to still be really good for how big the venue is. My biggest and only complaint is the sound is TERRIBLE. For being a big college stadium, they really need to work on a better sound system. It just bounced off of the whole field and made most of the acts awful to hear up high. Luckily Erich Church and Kenny Chesney sound people were able to figure it out and get the sound right or I would have been thoroughly disappointed. I doubt I would go back for a concert, but would definitely want to explore the place more when an event wasn't happening.",7/17/2019 14:07,111
46ce8c46-683b-4279-ae38-401e00e458ce,Kyle,Randolph,,Female,4/5/1979,Widowed,Hispanic,45909 Lamb Alley Apt. 126,Wilmington,NC,27360,,,+1-357-165-2160x9580,clewis@gmail.com,"Haven't been to Carter-Finley Stadium in a few years. Visited it today and I must say the staff was incredibly nice, helpful and they were everywhere. I'm not sure how they get the staff to be so friendly even when thousands of people are rushing in to find their seats to watch a Wolfpack game but every staff member I encountered was just so very pleasant and very willing to help. Great experience Carter-Finley! Keep up the great work!",10/6/2024 2:44,7
e0db42c0-a8ab-492b-b75f-1c1172938cfd,Robert,Sexton,,Female,7/28/1986,Widowed,African American,101 Perez Glens,Charlotte,NC,27403,,,001-762-655-7948,nolanjessica@gmail.com,"I was at Carter-Finley Stadium yesterday for AMA Supercross.  I truly enjoyed the event and the stadium is HUGE and pretty clean.  I really appreciate the clean bathrooms as well since most facilities with high traffic end up with trashed bathrooms.  The seats were comfortable and the screens were big.  (thank you to the builders of the Carter-Finley Stadium)

The service at the concession stands was HORRIBLE!  It was incredibly slow.  I know it's busy, and I've been to many stadiums before, but really.... is waiting 35 mins. for three chicken strips and some fries really acceptable?! In my mind... N O!!!  I visited the concession stand twice, once for the aforementioned chicken strips and the other for pizza.  Even the pizzas took longer, as if they were hand-tossed and made to order (even though they were not).  The taste of the pizza was meh, but I expected that.  The chicken strips tasted good and a tad on the spicy side (I did like that), but not enough to justify the wait time for them.  I crept closer and closer to a LIVID state as every minute passed that I was missing the event I had paid to see, while the concession stand was just merely unprepared and disorganized.  Everyone in the kitchen was yelling at each other too -- not professional, especially when your patrons can see it.  

Anothere annoyance: They don't offer lids to large sodas they give you.  What happened as a result of this?  Some drunk guy spit into my cup.  Very classy Raleigh, very classy.  

Despite the complaints above, the races I came to see were great.  The stadium is grand, well-constructed, and surely can handle many people, but the service is terrible!   I'd say save your $8 for Chicken Strips and go to the bar just down the street.  You'd probably get quicker and better service there.  I should've known better.",2/3/2015 19:57,123
2a1f55f5-4fd5-49e1-9c95-f25d452f2488,Michelle,Fowler,,Male,6/8/1950,Married,Asian,79860 Harrison Glen,Raleigh,NC,28853,001-211-917-9101x343,702-779-1755x8472,001-700-055-6312x102,kenneth48@hotmail.com,"The arena overall is quite nice and they have a ton of local craft beers from which to choose. 

The bathrooms could be improved quite a bit; there didn't seem to be enough of them by a long shot and they are a bit old.  They need more automated flushers/dryers and things like that.

Obviously it's going to be very expensive for food and drink. It's $9 for a 16 ounce craft beer and the food choices are pretty meh overall, but the seats are comfortable and being a dome means the weather will never be too unpleasant.  

The inside/comfortable factor is a huge plus for me when watching a game.  I don't want to spend 70 bucks to sit in freezing rain lightning tornadoes locusts when I could watch from the comfort of my own home for free.",11/10/2015 2:15,111
2296c268-969f-467e-bf48-32bdf7b1247a,Veronica,James,,Female,7/4/1981,Single,Asian,8021 George Oval,Fayetteville,NC,27884,249-284-5928x422,(667)383-2484,685-542-3672x1375,vanessa71@fisher-parker.com,"I LOVE watching a game at Carter-Finley.  Every seat has an awesome view of the field, and the crowd is great.

Concerts, not so much. It's just too big and the acoustics aren't wonderful.  They have improved it since the first concert but ti's still echo-y and hard to hear in areas.  

Now, this gives me an excuse to talk about what I want to talk about - concessions.  YES the food is overpriced but it's a stadium, they all are!  Get over it, you don't go to a game to get a bargain.  But more importantly, I'd like to note that the people who stand behind the concession stands helping you for 5-10 hours (Final Four) a day?  They are there FOR FREE to help raise money for their charitable organization.  No one behind the counter handing you that hot dog and smiling at you is getting paid for it.  They are volunteers raising money for a good cause, be it a childrens sports team, a church group, a college pre-professional club, or a field trip for their kids.  They receive a portion of the money their stand makes and it funds valuable things in the community.  

So please, be nice to them.  Trust me, they are sorry that the beer costs what it does.  They are sorry you had to wait in a long line. They are really, really sorry Centerplate, who actually runs the food service at the stadium, decided not to give the stand enough buns to last through the game and that you are having to wait for the warehouse to send more up.  They are sorry they don't know where the nearest ATM is, and they are super sorry the sign above their stand says ""Nachos"" when they, in fact, do not and have never served nachos at this stand, and they are sorry they don't know exactly what kind of meat is in this Tornado, nor are they even sure what exactly a Tornado is or why in God's name you are ordering one.

So, just remember that next time that you are at the stadium that the nice people serving you in a blue polo shirt is doing it for free! And they appreciate tips too.  :)",3/3/2013 15:33,8
8ed3b765-d1ba-4a80-8a7f-4e1e08f0fdfa,Johnny,Watson,,Male,2/25/2005,Widowed,Asian,549 Dana Trafficway Apt. 111,Wilmington,NC,28794,050.680.4014x2761,+1-983-482-6678x1133,(537)568-2025x584,carlsonjeffery@hughes.com,"Beautiful arena and lots of refreshment stands, but not accommodating to guests. When asked to switch to a shaded seat to get out of the intense sun, I was denied. I left the game and my $200 seats behind before I got sick.",1/21/2020 18:38,19
bdeb1fa9-1059-44f0-a04a-775d7fee5204,Dennis,Hicks,,Female,11/16/1981,Married,Latino,106 Sullivan Spur,High Point,NC,28332,466-440-1092x77661,392.933.5698,+1-128-287-3926x1784,aguilarshaun@whitaker.biz,"I visited this stadium as a part of my trip to Gen Con recently (this convention expanded into the convention space in the stadium but also to field level and to the concessions area). I was quite impressed with the grandeur, the size/scale, and the fact that so much was available when it comes to convention space (I don't generally think of football stadiums as being convention space, but this convinced me!). There is a lot of parking in the area. The concessions seem pretty standard and with the Carter-Finley sponsorship, the aesthetics reflect this branding. It looks like a reasonably comfortable place to watch a match.",7/28/2022 3:25,2
7bda4094-f17e-46fa-85e9-26505aa97cf8,Johnny,Watson,,Male,2/25/2005,Widowed,Asian,549 Dana Trafficway Apt. 111,Wilmington,NC,28794,050.680.4014x2761,+1-983-482-6678x1133,(537)568-2025x584,carlsonjeffery@hughes.com,"All the available seats are spread out and there is at least 3 seats between you and the next group. Every other row is blocked off as well.

Mask wearing is sometimes enforced.

Games are still so much fun! Go Wolfpack!",5/27/2024 2:23,
8d3c3f19-4195-49e5-a701-cdc6560ac07d,Joshua,Riley,,Male,6/19/1992,Married,Asian,8523 Bean Knolls,Cary,NC,28402,103.906.5324,2819222795,001-741-747-0101x02016,tanya75@gmail.com,"The Stadium is beautiful however the service at the refreshment stand is deplorable. I purchased a cup of coffee and a sandwich, unfortunately they ran out of sugar. I ask the manager a refund for the coffee and he refused. When I became argumentative one of the cashiers went into her pocket and refund my money.",4/13/2019 14:43,31
3361a387-d8bc-4c10-ae0f-8b9395f015a0,Joshua,Riley,,Male,6/19/1992,Married,Asian,8523 Bean Knolls,Cary,NC,28402,103.906.5324,2819222795,001-741-747-0101x02016,tanya75@gmail.com,"Great tour! Everything was open so we saw the press area, suites, Wolfpack locker room and the field. Great arena!",10/8/2014 19:41,12
7b6206d0-abc3-411d-a7d7-bd2a1c402f4b,Christina,Clark,,Female,11/5/1997,Widowed,Hispanic,35142 Turner Meadow Suite 050,Fayetteville,NC,27871,001-780-842-1689x880,(332)439-6889,870-430-5267x4942,jennifer60@gmail.com,"Home of Super Bowl XLVI, this is an INSANE stadium!!! Some of the most beautiful architecture in all of college - Definitely my favorite when the roof and windows are open. Whether you're in a suite, first row, or in the nose bleed section you will have a great view of the game. Whether in the stadium watching the MASSIVE jumbotron, or getting a hotdog and popcorn (my personal favorite from their selection) from their concessions, there are countless HDTV's to tune in for updates. 

Note: There are numerous events hosted here, and the staff treats them all of the highest importance. 
 - Very safe, great sound system with quality music, great indoor temperature (when window/roof are closed), and *completely accessible for those with disabilities*.

Check it out! and GO Wolfpack!!!!!  
http://www.lucasoilstadium.com/default.aspx",3/4/2019 1:53,5
95ca2835-f2f5-4d0f-8923-092dd0bc7ee2,Kathleen,Medina,,Female,11/29/1985,Married,Latino,25276 Chavez Rapid,Fayetteville,NC,27544,(286)917-9524x613,,,kevin47@yahoo.com,Horrible parking options for handicap. The parking lots around the arena were for suite ticket holders and premium pass holders What I thought would be a great time with my handicap mother turned out to be a nightmare. So much for the ADA Indiana  Please don't say she could have used the drop off because she was driving.,5/27/2022 17:06,23
4c13c139-803c-4ac5-be09-c4171979fcda,Kathy,Curry,,Male,8/24/1998,Single,Latino,4165 Benjamin Forks,Charlotte,NC,27601,,,,kimberly80@yahoo.com,"I love football...specifically, the Wolfpack.  As a true Blue fan, I've watched my favorite team (and other teams as well) play in other arenas around the country.  All had their unique qualities, but without a doubt Carter-Finley Stadium is the best arena I've been to for an college game.    

For starters, its downtown location and close proximity to many hotels (many accessible by covered walkways connected to the arena), restaurants, and bars is unsurpassed by any other college city.  Second, given its urban location, parking is surprisingly ample with easy access to the interstate and major thoroughfares which permit reasonably rapid vehicle egress from the arena area.  Third, the arena itself is unique with its retractable roof and retro Hinkle Fieldhouse/aircraft hangar design.  http://butlersports.cstv.com/trads/butl-hinkle.html However, if I ever hear it called ""The Drum"" again by ESPN blowhard, Chris Berman, I may have to scream. http://www.youtube.com/watch?v=3TLG_LtWhj4 I much prefer calling it ""The House that Peyton (and the taxpayers of Raleigh) Built"", but that doesn't quite roll off of the tongue.  Fourth, sightlines from all areas/levels of the arena are unobstructed and excellent for viewing the game.  Fifth, the arena layout from its wide concourses, navigable stairs and rows of seating, plentiful restrooms and concession areas make getting to where you want to be a relative snap.  Sixth, the availability of Upland Brewery beers at concession stands.

Carter-Finley Stadium is a state-of-the-art facility that is truly spectator-friendly.",7/8/2012 20:12,31
3ba8e24c-142c-4f17-938f-d79352fe8f1a,Jason,Beasley,,Male,6/1/1984,Single,Caucasian,810 Peters Stravenue Apt. 748,High Point,NC,28133,,,4970226778,cynthia49@mills.info,We took a private tour for my husband's birthday and it was wonderful! Very inexpensive and really cool to get to see all the behind the scenes places you don't get to see otherwise. Go to their website and it is quick and easy to set up a private tour!,11/13/2011 3:10,18
e04fab53-1d88-4bf8-8b1f-ed0429f8ba59,Patrick,Braun,,Male,6/22/1992,Married,African American,80441 Waters Land,Durham,NC,27611,215.212.1566,001-929-562-3520x35586,001-194-731-5611x8664,tarabarber@dominguez.com,"We were here for the Monster Energy Supercross race that comes to Indy every year. This is my 5th time going to Carter-Finley Stadium and I never fail to have a good time. The place always has and awesome atmosphere no matter what the event is. 
They have several different Carter-Finley themed attractions in the main lobby area. They spent a lot of time making these attractions for the fans. The seating is very comfortable. We always sit in a 300 section so that we can see the whole track
Only complaint is overpriced food/beverage/alcohol, but then again every arena is pricy when it comes to that.",5/19/2018 0:09,2
bbcb7239-734e-4bbe-ad83-9958246ecc84,Wendy,Bowen,,Male,4/16/1963,Single,Caucasian,7098 Dickerson Walks Apt. 414,Cary,NC,28642,(691)860-4694,328-809-0253x221,+1-268-202-0972x6643,lori09@green.com,"My 2nd experience this past weekend getting in and out of the game was MUCH better.  It is not nearly as difficult if you go in the right door. I also recommend getting there at least 45 minutes before. Our seats were on the opposite endzone from last time, and the view was great.  We were in section 249, 5 rows up and the view was fantastic. We were near the Bud Light party area which was a great place for people to stand and watch the game.  I suspect that many people get the nosebleeds and then never venture up to their seats!

Dave and Rae were playing when we walked in on a nice stage and people were partying it up prior to the game.  There is plenty of food and beverage options in the area and they were fast to serve.  My hubby was back to our seat in less tahn five minutes with two burgers, some nachos, a beer and Coke...Yes, it was pricey.  NO surprise and not annoyed by it.  Don't go to games if you don't want to spend more money.

Our seats were comfortable.  My hubby is a big guy and he even commented that they are ""definitely roomier"".  This is a huge plus I think.  That and I'm not on top of the person in front of me either.  There was plenty of room for everyone in our section.  Easy to get out and sneak off to the bathroom during a commercial break as well.  

Speaking of the bathrooms, I'm not sure I remember using them last time (but I'm sure I did).  I noticed this time that there are TONS.  That is nice, but there was still a line.  No big deal....I waited outside the bathroom for less than 5 minutes....this is good for women's line, trust me!! It was also RIGHT before the half, when EVERYONE decides to go. :)  In either case, the bathrooms were clean, there were plenty of stalls and sinks, an extra supply of TP in my stall and generally, the line moved quickly.  Always a plus. :)

I have to say...I love how high the roof is and I am a big fan of indoor stadiums, b/c I'm a wuss and hate being cold. :) So...with the roof shut, though it's not as loud at the RCA Dome, it is still great and I love the fireworks that go off after every TD, which we scored several of against the Lions (ooooh, the poor Lions).  

All in all, my experiences at the new Wolfpack home is getting better and better and I know it will continue to grow on me. :)  GOOOOOOOOOO BLUUUUE!!",5/8/2012 21:21,21
8592fb64-8323-4287-a4ac-f8075f6b35fa,Christine,Campbell,,Male,7/8/1993,Divorced,African American,04070 Holt Lane,Wilmington,NC,28536,+1-636-429-1649x8162,274.353.9375,,christina59@crawford-webb.org,You get the best of both worlds here with the retractable roof. Walking into this stadium is breathtaking. The structural beauty is like no other stadium in the world. The concessions and staff are great and the people of Indy are always warm and welcoming. A must see even if you aren't a big football fan!,3/31/2015 22:23,22
e534302d-2caf-4aff-ae30-68654ba1eefc,Christine,Campbell,,Male,7/8/1993,Divorced,African American,04070 Holt Lane,Wilmington,NC,28536,+1-636-429-1649x8162,274.353.9375,,christina59@crawford-webb.org,"Wow! This venue is beau-ti-ful!  This was my first visit to Carter-Finley Field, and I cannot even imagine what it is like on game day!!  (We were here to visit the venue for a company holiday party).  

As we toured the Venue our host Brett, who by the was was amazing, was extremely knowledgeable and made recommendations that would be able to make our party even more memorable.

We are looking to book the Quarterback Club for the party, which is what I have included pictures of.  It is a beautiful area with an amazing view of the field.  Endless food and beverage options to make the occasion as formal or as informal and fun as you like.  We also have the ability to bring in gaming tables for a Vegas style game night as well.

I highly recommend checking out the Carter-Finley Field if you need a venue to host a party.  The pictures do not do this room justice.",11/8/2016 1:46,17
699b8f89-a1b6-4c20-ab65-60018cc4bb76,Heather,Gregory,,Male,8/19/1988,Widowed,Latino,007 Lisa Key,Winston-Salem,NC,27906,001-406-490-4960x798,4610980781,742-198-4391x875,christopherhall@yahoo.com,I went to my first NC State Wolfpack game! It was preseason against the Cincinnati Bengals. Unfortunately we lost but I enjoyed the game. Our tickets were at will call which was very hard to navigate. My suggestion is more visible signage. Once we got our tickets and got inside it was smooth sailing. We decided to stop and get something to drink. The concession stand prices were reasonable. The seats were decent and they didn't make you feel like your sitting on top of your neighbor. Also I found out they offer tours of the Carter-Finley Stadium throughput the week to the public.,1/20/2021 0:16,5
90c5161e-205e-453a-a9f3-566a7ddde4c4,Kiara,Gonzalez,,Male,8/3/1981,Single,Latino,7210 White Island Apt. 916,Raleigh,NC,27934,+1-773-461-0601x01576,+1-610-530-4262x19930,012-402-9891,tracyfrazier@hotmail.com,Looks and feels more like a huge warehouse than a sporting venue.  The only thing I liked about being there is seeing Peyton Manning play live.  I hate domes.  grr,10/6/2009 20:39,30
a0a8b734-e6e9-453f-9b80-ae46061be136,Phillip,Singleton,,Female,1/5/1967,Widowed,Middle Eastern,4391 Johnny Trace,Raleigh,NC,27528,001-781-910-7377x63052,(398)981-1195x69850,(089)052-7211,zrobertson@gmail.com,"I was here for a Wolfpack game a few years ago, and then attended a concert this past weekend.  Overall it is a great arena with a bright, clean feel and reasonably comfortable seating with good views from many locations.   The retractable roof is a great feature.  

We were glad we arrived early as there were some glitches getting in; we were directed from one line to another and then promptly told to go back where we came from, and then told to move lines again due to a scanner not working.   Hopefully that was all sorted out before the lines got longer!  

The signs directing patrons to their seats are very clear and easy to follow.   Concession stands are readily available and seem to offer standard arena fare at standard arena prices.  I was a little annoyed that I couldn't have the cap for the $3.50 bottle of water I bought...I guess they always expect fans will throw things and so can't trust us with closed plastic bottles....sigh...the cynical part of me says it's really so we're more likely to spill our water and then need to buy another $3.50 water...

We were in the front of the 400 level and had a good view for the concert and the sound was decent given this not being a music venue.   I think having the roof open helped with the sound quality.  I'm not sure that it would have been as good if the roof were closed and the sound was bouncing off the ceiling.   

Signs marking which stairs exit to which street would be helpful, but other than that, exiting was pretty orderly.  We did come out on the opposite side of the building but it was a nice night so we didn't mind the walk outside!  

Parking at the mall worked out great!  Short walk and no big backup to get out.",4/16/2018 2:16,
f5520d3b-2dc4-4c27-87c2-f2d7b663e7ae,Carl,Collier,,Female,11/28/1948,Single,Latino,13950 Kennedy Trail,Durham,NC,28682,+1-907-481-4733x9079,(888)519-8431,652.689.8196x8093,iburgess@hotmail.com,Love this place. The ability to open and close the roof his a great feature for any arena. The food selection is starting to improve. We've been season ticket members for a while now and love seeing the continued focus on making us feel valued and appreciated.,9/18/2020 21:28,
e873120c-401c-4604-bd66-8ebde9d9cb57,Crystal,Dixon,,Male,3/22/2000,Married,Latino,9139 Hill Islands,Winston-Salem,NC,28603,453-802-4285x8638,001-787-579-0110,757.211.3369x23611,joshualeon@hotmail.com,"I enjoy going to sporting events to people watch.  I admit, I rarely know much of what is going on and generally cheer and get excited when other people do.  In sports, I am a follower and not so much a leader.  At Carter-Finley, it's easy to do my people watching and it's easy to cheer about how amazingly awesome the facility is. Outstandingly clean (even the bathrooms!) and very easy to navigate.  You can't really get lost here because the layout is convenient and easy to follow and there is plenty of signage to help you figure out where you are going.  If for some reason you do find yourself lost and confused, the Carter-Finley staff is friendly, helpful, easy to find, and eager to assist.  The security/entrance lines move quickly and in general, people don't dally much and keep their feet in motion so there is minimal waiting time anywhere.  Concession prices are a teeny tad expensive but comparable to other stadiums.  They do offer a few vegetarian items (!!), like veggie dogs, but you'll need to ask where to find them as they aren't readily available at all concession areas.  You can't have a bad time here unless the team you were rooting for looses and then people leave grumpy but at least it wasn't specifically your fault.",9/4/2015 17:21,
aa386b16-247d-4bc0-8aaa-ed6c53f95c67,Michael,Rodriguez,,Male,3/3/1968,Widowed,Asian,2111 David Rest,Winston-Salem,NC,27588,001-825-341-3031,+1-102-717-9416x2620,(007)740-5426,sharonhall@alexander.com,"Great venue to watch a game. Best way I can describe it is it seems like you are still watching a game in your own living room. Very spacious and great air conditioning throughout. Data and wifi still work great unlike most stadiums of arenas

I've been twice now. Once when it first opened for a Browns vs Wolfpack game and this past weekend to watch my Louisville cardinals defeat the Purdue boilermakers. I'll absolutely come back for any future cards or browns games.",9/9/2020 17:22,
7491b324-91dd-4a4a-bb73-06f4c570da85,Carl,Collier,,Female,11/28/1948,Single,Latino,13950 Kennedy Trail,Durham,NC,28682,+1-907-481-4733x9079,(888)519-8431,,iburgess@hotmail.com,"Carter-Finley is really a great venue to attend for an event.  Whether it be the Wolfpack, Drum Corps International World Championships, Supercross, or a concert, there really isn't a bad seat in the house.  

Speaking of, the seats are pretty comfortable for a stadium and the section layout is very easy to follow.  The two jumbo-screen venuement is great so that each side of the stadium has an adequate view.  And the fact that the roof can retract makes it really great on those warm autumn 1pm kickoffs.  I've found the entrance expienence to also be above par, usually pretty fast ticket scanning and security checks.  The concession stand prices are typically, but there are some nicer food options in different spots around the facility.

I've been to many stadiums, this one is very unique.  Being so close to the downtown district is great for pre-gaming and post-gaming, usually a 15 minute walk from the circle.  The field house design is also impressive, along with the racing-themed decor, a.k.a. race cars, dirt bikes, and top-fuel dragsters hanging from the ceiling!",6/20/2016 2:21,
22e9ad1c-2d39-4b2f-a2cf-e0a7468c9e15,Cindy,Vazquez,,Male,5/6/1950,Married,Asian,82144 Henson Plaza Suite 466,Greensboro,NC,27942,,,994.736.7602x154,terry94@yahoo.com,"Lucus Oil Stadium is a outstanding place to go for a tour. You get to see many things like the field, box office, check the field out, and get a behind the scenes of what is like to be in a actual stadium. It shows everything about Raleigh in many different ways! Also it gives you a good feeling be in a stadium that you can call it home.",3/5/2021 20:31,22
1675cd3c-e370-4360-84e2-f83d10bf3bed,Anthony,Long,,Female,12/1/1986,Single,Middle Eastern,32210 Theresa Fields Apt. 704,Charlotte,NC,28752,,,001-339-582-7015x67122,allenamy@anderson-young.com,"I will be the first to say that I am not a Wolfpack fan but after having spent some time in the city and enjoying the atmosphere I was all about it.

The location of the stadium is ideal with great downtown bars littered all about.  Parking was a breeze and the people were both energetic without being obnoxious to rude.

The facility was absolutely gorgeous (although I guess it should be since its brand new!).  The place was so clean I could eat my food off the floor had I wanted to go that route.

It was so amazing to hear the silence when Manning went under center and to hear the roar of the crowd when a big play occurred or when the defense went to work.

Although I have only been here once I definitely plan to visit again.",10/12/2015 18:55,91
1b29c22f-4cf3-45a1-b67f-8f716d2a1a6a,Anthony,Long,,Female,12/1/1986,Single,Middle Eastern,32210 Theresa Fields Apt. 704,Charlotte,NC,28752,,(471)774-0167x81964,001-339-582-7015x67122,allenamy@anderson-young.com,"After last years memorable trip to this beautiful stadium, I made it priority to see one game here every season.  This season it was a game against the Bengals.  My buddy and I made the 10 hour drive from northern VA all the way to Raleigh and the trip was worth it as always.

Wolfpack played some of the best football I've ever seen live.  The team recorded a shutout of the Bengals and the offense rolled up yardage and points.  The special teams also put the offense in good positions.  I'm surprised how many fans love their punter Pat McAfee.  Usually the punter is the most forgotten member of the team but everyone loves Pat the punter.

As always fans were awesome.  Struck up some conversations with people who told me about the city and the players relationships.  The city loves their Wolfpack and you can tell the Wolfpack love their community and rightfully so.  It's a friendly fan base who are classy and keep it respectful and take a lot of pride in that.  My buddy wore his bengals jersey since he's a bengals fan and while he caught some heckling, no one went overboard.

Our seats were in section 217 in the corner of one of the the ends ones.  Very nice seats with great views of the field.  Much better than section 631 where I sat last time!

I love the stadium, the team, the fans and the city.  I can't wait to come back for another game.   I may even call Indy my home someday as well!",3/10/2015 1:20,2
b0158b85-c491-465a-a9d7-a23e954ad3ed,Adam,Herman,,Male,8/5/1982,Divorced,African American,5756 Ware Lodge,Cary,NC,27740,025.702.4198x783,420.369.5641,5317884606,bschmidt@yahoo.com,"I have been coming here on and off for over 20 years. This is a fun place to watch races, and they hold car shows, and other special automotive events here. I used to race Corvette's here many years ago on the drag strip. It was always a great time hanging out with other drivers, and checking out each others cars and modifications. The drag strip was always kept very safe, and there were few incidents to ever happen while I raced here. 

The car shows are fun to bring the entire family and check out all types of cool custom built vehicles from all over the country. The top fuel dragsters are always amazing to watch and if close by, and even in the stands, you can feel these 10,000 horsepower, 300 mph / 4.5 second, quarter mile cars zoom by like a fighter jet. The stands actually will shake and rumble from the force these cars displace. It is amazing, if you've never seen them, you need to at least once!",11/24/2020 4:03,
13edfcc9-d4e7-4b1a-afd7-6f7dd7cc3631,Cindy,Vazquez,,Male,5/6/1950,Married,Asian,82144 Henson Plaza Suite 466,Greensboro,NC,27942,+1-258-594-1962x41760,109.658.6664x6038,994.736.7602x154,terry94@yahoo.com,"GREAT college Stadium!!!!!  I've been to over 20 Wolfpack Games and I'm a current Season Ticket Holder.  I've been to several college stadiums and this one is Top of the line for sure!

If you haven't seen Peyton Manning Play then you had better come out and see the show before he retires!

I've also seen two Kenny Chesney Concerts here.  The first one had poor acoustics, but the second one was much better after some stadium upgrades were made.",3/11/2014 4:18,27
db8c28fe-c81a-4df1-9e91-32e1d5f922ec,Amy,Dawson,,Female,5/18/1994,Married,Asian,689 Robin Square,Charlotte,NC,27036,309695600,-3092,(222)198-9852x538,mark14@hotmail.com,Love this stadium!  New and clean!  They would have got 5 stars if the staff would have handled the belligerent drunk that was offending women and children.  I had to do it and it made for some tension through the game.,12/17/2015 7:05,126
450c4319-5dfa-4668-af23-65b5db242492,Michelle,Fowler,,Male,6/8/1950,Married,Asian,79860 Harrison Glen,Raleigh,NC,28853,001-211-917-9101x343,702-779-1755x8472,001-700-055-6312x102,kenneth48@hotmail.com,"This is a really spectacular stadium.  I love how you can go from the downtown bars right to the stadium within minutes... that way you can have an extra good brew before the overprice ""adult water"".  the food at the stadium is typical stadium food.  i did not really look into food that much since I knew it would be over-priced as per usual stadium prices.

I have been in the upper bowl, lower bowl, mid section and 200-level suite.  I have never had a bad seat or a bad experience here.  The concourse is nice and open making it easy to move around.  Just an FYI, everyone tries to enter at the North end since it is the closest to town.  A short walk around the side will result in shorter lines!",6/8/2015 15:17,24
8e32c442-266f-4266-995e-f2e7a35394ae,Michael,Rodriguez,,Male,3/3/1968,Widowed,Asian,2111 David Rest,Winston-Salem,NC,27588,001-825-341-3031,+1-102-717-9416x2620,(007)740-5426,sharonhall@alexander.com,"Very nice, updated stadium. Great place for a football game",1/22/2022 12:57,6
6ca34a73-4351-4afb-94ea-d637a7399340,Melissa,Velasquez,III,Male,8/24/1960,Widowed,Hispanic,039 Misty Stream Apt. 125,High Point,NC,27496,(605)240-7602,,001-784-019-9360,sorr@mitchell.com,"This stadium is great... I don't think there's a bad seat in the building. The Saints @ Wolfpack game that we attended was the perfect weather to have the roof open, so that was a great experience. Concession prices are in line with other stadiums. Added bonus: Everyone was nice to my husband who was in his Saints jersey (I wore my Wolfpack attire, of course).",7/24/2017 17:38,27
10b47685-9229-461f-b989-d0b93cc6b1f7,Shannon,Christian,,Female,2/7/2003,Single,Asian,8127 Thornton Harbors,Raleigh,NC,28776,286-591-8375x5089,,(076)388-4770,mendozadavid@yahoo.com,"Might be a little late to the party with this review, but I just had to rave about how fun this experience was!!!

Buccaneers Vs. Wolfpack game last Sunday was AWESOME!!!! I am a buccaneers fan (not just because of Tom Brady) but because Im from Florida, so this game was very exciting to attend to! I got my tickets from Stub Hub (s/o to stubhub, ill make a review for them) but I was able to get my boyfriend and I awesome seats. Now obviously your going to pay a pretty penny when you buy tickets to see Brady, but it was well worth it! 

Lucus oil is an awesome stadium, they really made the experience exciting for everyone to watch and be apart of. From the blimp camera to the confetti's going off after a Wolfpack touch down, to little parachute gifts falling from the sky during half time it was awesome!!!!! You dont have to know a ton about football to enjoy the experience that Carter-Finley Stadium offers!!!!!!  So go get those Wolfpack tickets the next time they are playing!!!!


WOOOHOOOOO!!!!",4/4/2025 22:43,15
a0532892-c712-4833-ad6e-6ebef7abe2b6,Jason,Beasley,,Male,6/1/1984,Single,Caucasian,810 Peters Stravenue Apt. 748,High Point,NC,28133,(545)777-3091x30042,575.922.9118x749,4970226778,cynthia49@mills.info,This is my second time being in this stadium. First time was a game a few years ago when Peyton was still playing against the Titans. This time me and my g/f went on the stadium visit. For 10 bucks this was well worth it. The visit lasts about 1 hour and 15 minutes and you get to see all the stadium. Love this stadium. GO HORSE!,2/3/2014 15:54,7
3999d7cf-1b58-4c21-a904-e086f64c3e83,Kyle,Carter,,Female,2/15/1973,Divorced,Asian,95502 Mary Expressway Suite 754,Fayetteville,NC,28505,001-625-400-2856x5183,9746069109,,gregory07@welch.com,"Lucas is a state of the art sports facility with retractable roof. It's the optimal football venue with all amenities. While it is used for other events such as truck rallies and concerts, I think the sports event is it's prime function. It's rather large and lacking in sound quality as a concert venue, but it's the largest venue available for national concert acts that draw a stadium sized audience.",3/31/2022 0:28,26
52cf3d9f-481a-4fa8-b2c1-52efdd0e327d,Lisa,Clark,,Female,11/26/1968,Married,Hispanic,4881 Luis Tunnel Suite 298,Raleigh,NC,27593,4190762927,+1-764-745-9097x46056,,danny17@mooney.org,"I was at a party at Carter-Finley Stadium a couple of weeks ago.  It was cool, b/c it was in the big flat area in front of the windows that open, so we had a really nice view of the city.  The staff was really nice.  We even had tours of the arena.  The carpet in the press box is fun...

But, the food was really blah.  Just arena food, and not awesome arena food.  The Rose Garden in Portland is so much better for food.  The bartenders didn't know how to make a dirty vodka martini.  The beer was only in bottles and were the normal domestic crap.

So, for football, I'm sure it's pretty cool (the tour sure makes it seem that way), but for events and catering, I would try go somewhere else.",2/14/2013 21:33,15
804a0de5-8c5e-457b-9af9-218c11fe5f19,Adam,Roman,,Female,9/21/2005,Married,Middle Eastern,780 Christina Well Suite 791,Raleigh,NC,27208,001-245-012-2755x972,,(492)507-0910x71300,jonesmary@hayden.org,"Saw my first Wolfpack game here today.
They play the New York Giants, they were ahead of the game up until the fourth quarter, where they lost 27 to 26.
I'm sorry but the Wolfpack lost their game however I enjoyed the stadium very much, it seemed to be very nostalgic.
Thank you Raleigh I had a great time today :)",6/16/2017 4:46,
1295879f-56cd-4d5f-91d1-54e1d6a61c76,Kimberly,Holt,,Female,1/17/2003,Married,Latino,90525 Simpson Prairie Apt. 973,Raleigh,NC,28542,001-182-962-5027,,001-882-835-8087x205,calebcannon@hotmail.com,"I've now been to two racing events here and can give this place a very solid thumbs up. Both events were very accessible, allowing me to get up close and personal with the drivers and with the event itself. 

I went to the Red Bull Global Rallycross in July. It was so cool to see, and it was the first time this event has ever come to Raleigh so the drivers and fans were really pumped about it. I had a great time and even got to meet Tanner Foust. 

Yesterday I went to the NHRA Chevrolet Performance US National drag racing event. Holy Wow!! I haven't been to drag racing since I was a kid in California. This was amazing. So exciting to see the top fuel dragsters and the funny cars accelerate to over 320 mph on under 4 seconds. It's honestly sensory overload with the sounds, smells, and the way you feel the horsepower as the cars rocket down the track. 

If you have a chance to see an event here...DO IT!",11/9/2017 10:52,
4a96b283-0151-4473-825d-dce7a34b3d92,Karina,Hunter,,Female,10/28/1954,Widowed,Middle Eastern,8403 Omar Place Suite 361,Greensboro,NC,28719,001-594-452-8691x8587,(372)469-9384,+1-282-623-8777x306,jessica96@hotmail.com,GREAT place to catch game! Average place for concerts. Too big for concerts. If you're hungry they've got a great bbq pulled pork. Comfy roomy seats. Section 135 pretty good view.,10/31/2017 4:49,
9600ab76-825d-4505-b71b-c94ac5474ed3,Pamela,Singh,,Female,4/7/1958,Widowed,Latino,19970 Sarah Throughway Apt. 946,Raleigh,NC,27366,,,001-128-914-2781x323,joshuastanton@matthews.com,Such a huge stadium but beautiful! Football matchs are great (unless you get stuck at the top in a seat blocked by a pillar) and the atmosphere is rocking! All the other events hosted at Carter-Finley are fun too and there's so much stuff in walking distance outside the stadium,3/22/2021 1:28,10
1952ccde-70e0-4cee-b2bf-ff065fb0454c,Andrew,Kennedy,,Female,5/6/1949,Single,Asian,28319 Rasmussen Village Apt. 547,Greensboro,NC,27495,,,107.068.6103x7274,samuelhinton@yahoo.com,"This is how a sporting venue should be. I love going to LOS for football games and marching band events. The stadium has great seating, and there really isn't a bad seat in the house. The food is average, but I do not go for the food. I go for the experience!",9/12/2014 4:56,2
f95b9e65-5238-46ce-a23d-4db21e04e20d,Andrew,Kennedy,,Female,5/6/1949,Single,Asian,28319 Rasmussen Village Apt. 547,Greensboro,NC,27495,,,107.068.6103x7274,samuelhinton@yahoo.com,"This arena is absolutely impressive! Live band, lots to choose from if your hungry. Comfortable seats! I can hardly wait to go when the dome is closed. Go Wolfpack!",6/10/2015 2:34,12
e66d263c-329b-468a-a6be-2ca9b0efce2b,Robert,Short,,Female,6/3/1961,Single,Hispanic,6726 Heather Mills Apt. 180,Durham,NC,28118,001-185-523-5396x4966,,,kwilliams@larson.com,I went to the Wolfpack/Patriots game on 11/1/2008 here and it was a blast! Carter-Finley stadium is a very fun venue to see a game.,10/28/2013 7:01,
d3ea6394-0a73-4986-b43c-14503ef40655,Anthony,Long,,Female,12/1/1986,Single,Middle Eastern,32210 Theresa Fields Apt. 704,Charlotte,NC,28752,(676)571-7750x25099,(471)774-0167x81964,,allenamy@anderson-young.com,"As stadiums go, I wasn't expecting much here given how uninspiring the outside is.

That said, once inside, it's a beautiful stadium, much larger than any of the TV cameras can show.  The staff is very friendly are knowledgeable about the city as well.

On the main concourse (lower level), there's nice lighting around, very colorful, good for kids and families.  The pricing of the beer was very reasonable, and the bathrooms were actually REALLY WELL cleaned! That's a huge thing!",5/13/2019 14:36,
2ea64ec5-5af2-4347-9513-210c8670fb75,Pamela,Singh,,Female,4/7/1958,Widowed,Latino,19970 Sarah Throughway Apt. 946,Raleigh,NC,27366,+1-737-597-2445x515,001-193-424-5955x9098,001-128-914-2781x323,joshuastanton@matthews.com,"Simply the best seat by seat arena in the league.  Great views, loud fans, respectful environment, winning franchise, comfortable temp - this place is awesome!",9/18/2016 22:31,
02515086-c5b8-4218-b166-c29eb04c10e7,Heather,Gregory,,Male,8/19/1988,Widowed,Latino,007 Lisa Key,Winston-Salem,NC,27906,,4610980781,742-198-4391x875,christopherhall@yahoo.com,"I didn't actually watch a game here we just had this conference and the opening ceremony was here. Here was my experience.

Ambiance
Parking | N/A I actually walked from the hotel....soooo I don't know.

Seating | There was plenty of seating and the lower seats seemed pretty close to the field.

Feels | Definitely a modern feel. Not really a spartan-like colliseum like kind of field but definitely a arena for entertainment. The fans we were surrounded by were friendly and engaging. Whether it was making a first down, raising the noise on third down, or scoring touchdown it's great to be making Niner noise. I look forward coming back cheering alongside some random niner faithfuls.

Food
There was a lot of good food to review (hotdogs, peanuts, popcorn) Nothing too fancy here.

Customer Service:
The servers there greeted us and made us feel welcomed and they were quick on refilling food

Overall:
I had a pretty good experience here. It was pretty cool to play on the field and try the food but I feel like I need to experience an actual game here to get the true experience. Other than that, no complaints here!

Tips:
* If possible use public transportation
* There are great eateries close to the area.
* Go Niners/Raiders!",8/8/2018 7:00,
870bd61c-f5c2-48b5-a073-fa102c0f1188,Heather,Davis,,Female,8/26/1963,Divorced,Hispanic,219 Benitez Cape Suite 689,Raleigh,NC,27794,,(593)388-0742,,ashleyrodriguez@hotmail.com,"Good looking stadium. 
Like all the players displayed on the building.",9/30/2017 17:33,
ad1dc65e-fe90-49cc-9ca8-0736a1180165,Henry,Olson,,Male,3/11/2001,Married,Asian,479 Howard Tunnel Apt. 468,Durham,NC,28282,,510-281-8306,,wrightjamie@yahoo.com,Wow. If you have never been to a pro football game. Your missing out. The atmosphere was amazing. YOU can feel the energy of the crowed. Of course the game I went to the cults won. But still it was fun to talk to the fans around my family. The food was great.,6/15/2021 14:54,7
7daaf934-33a3-4e93-9dc4-c62f83697c87,Luis,Alexander,,Male,11/11/1980,Widowed,Caucasian,2774 Donald Unions,Fayetteville,NC,28635,,9335246589,422.184.6045x0909,reedstephanie@wright-torres.com,"This was my second time at Carter-Finley, both times for DCI, never for a Wolfpack match. Only half the stadium seating was utilized due to the nature of DCI. The seats were more spacious than I expected. The bathrooms were plentiful. The food/snacks were slightly overpriced (same as most stadiums). As it was all indoors, the climate control was nice. I imagine it would be enjoyable to watch a real sports football match here.",5/1/2021 18:18,12
46058e8c-c87b-4b94-8119-68d8d4363848,Luis,Alexander,,Male,11/11/1980,Widowed,Caucasian,2774 Donald Unions,Fayetteville,NC,28635,,9335246589,422.184.6045x0909,reedstephanie@wright-torres.com,"Very nice stadium; it's definitely one of the nicer ones in the college.

The pros:

Lots of parking nearby, bathrooms are plentiful, beautiful to look at, great window feature (nice to have that open even when the roof is closed), retractable roof, not a bad seat in the house.

The cons:

I have yet to find any decent food at the place. Where is it?!  The pretzels are subpar (really...they need to bring them...and the mustard...in from the Rathskellar), the hotdogs are nothing special, pizza is undercooked papa johns. *SIGH*  They could have really done great things with the food there. We have some local giants that could really have added some Indy character to the place. 

Once they upgrade the food options, I definitely say the stars getted added back.",4/30/2015 2:18,18
732aa8c7-6e93-4300-bb14-ccbb68dd8100,Wendy,Bowen,Jr.,Male,4/16/1963,Single,Caucasian,7098 Dickerson Walks Apt. 414,Cary,NC,28642,,328-809-0253x221,+1-268-202-0972x6643,lori09@green.com,"I can't believe I haven't reviewed Carter-Finley Stadium by now, and it is  11 years old. I have been attending Wolfpack matchs since the first match played here September 7, 2008.  I'm a Wolfpack season ticket member since 2003 so with seniority I was able to get seats in a great location in LOS.  After years of sitting on bench seats in the upper deck of the RCA dome I really appreciate the comfortable and roomy seats at LOS.

Where to start? Well, the stadium is beautiful! Even after attending Wolfpack matchs here for 11 years I am still awed every time I come here.  

The location is absolutely perfect. There are many, many  restaurants and businesses within walking distance, so it is perfect for both locals and out-off-town guests.  

We always arrive early and park free (on Sundays) on Illinois St.  Then we enjoy  breakfast or brunch, and maybe do some shopping before the match.

Before the match you can visit Touchdown Town next to the stadium.  There are food trucks, matchs, Wolfpack exhibits, beer and other alcoholic beverages.  It opens 3 hours before the match.

The stadium is so beautiful when the window and roof are open.  From my seat I have a perfect view and I can't help taking a few pictures of blue sky and clouds through the roof and the view of downtown through the window.   I only wish the window and roof were open more often, because I have attended many matchs on beautiful days with zero chance of rain, and the roof has been closed.  Disappointing!

I would like to see them up their food offerings.  LOS lags behind other sporting venues when it comes to concessions.  LOS features mostly burgers, hot dogs, pizza, chips, fries, popcorn, etc.  A few concession stands offer deli sandwiches and salads but unfortunately they aren't very good.  Other sporting venues have many more options, and better quality food.  

For example, at this event I ordered a veggie burger combo at the concession stand.  After I returned to my seat I found out that my veggie burner was cold, nearly frozen in the middle.  I realize that they don't sell as many veggie burgers as regular burgers, but still the concession staff should realize that they need to be grilled, not just thawed, after taking the veggies burgers out of the freezer.

Overall, we are very fortunate to have a stadium like Carter-Finley here in Indy.  It would be wonderful to host another super bowl here, as Indy did a great job presenting super bowl week back in 2012.",12/20/2021 23:26,117
b8731bff-482f-4ed3-bccc-93deed0e186e,Adrienne,Adams,Jr.,Male,10/3/1954,Widowed,Middle Eastern,662 Morales Stream Apt. 764,Greensboro,NC,27922,323-460-8694,6842223722,(156)279-1166x37855,andersondawn@yahoo.com,"Seats low and near the field don't have good sightlines, as is the case with most big stadiums but the very big bright clear screens make up for that.  They are very good with the replays here, the audio is also quite good.  Seats are comfortable, much more so than college football seating, but good compared to other college stadiums as well.  Much better entry and egress than Soldier Field and that's as much in the design as it is in the way the personnel handle before and aftergame.  Here they get people in relatively fast, though still in a security aware manner.  Concession prices are the usual high prices for mediocre quality food, but it's served more efficiently than other college stadiums I've been to.  Clear bag policy is the security standard now and reasonable.  The temperature inside is comfortable, no need to bring in a bulky coat if you can make it to the stadium without.",4/24/2022 17:22,30
