Transaction ID,Name,Address,Phone,Email,Item,Size,Item_Gender,Price,Quantity
97efde12-8108-4d06-a4ae-0d69faf56e6f2,Harold Nidl,"100 SAS Campus Drive Cary, NC 27513",,harold.nidl@sas.com,Jersey,Adult,Women's,75,1
97efde12-8108-4d06-a4ae-0d69faf56e6f3,Michelle Nidl,"100 SAS Campus Drive Cary, NC 27513",919-513-1000,mnidl@gmail.com,Jersey,Kid,Men's,50,2
97efde12-8108-4d06-a4ae-0d69faf56e6f,Christie Campbell,"04070 Holt Lane Wilmington, NC 28536",+1-636-429-1649x8162,christina59@crawford-webb.org,Jersey,Kid,Women's,50,3
731e5878-b5cd-49d5-90cd-3e3526f6457b,Kiae Gonzalez,"7210 White Island Apt. 916 Raleigh, NC 27934",+1-773-461-0601x01576,tracyfrazier@hotmail.com,Cap,Adult,Men's,15,3
e329f1b7-df80-4da5-9b6d-c2d982cc2f3e,Andre Kennedy,"28319 Rasmussen Village Apt. 547 Greensboro, NC 27495",001-324-281-6852,samuelhinton@yahoo.com,Jersey,Adult,Unisex,50,3
f86d5fe0-ad25-4a51-b00b-44896d5a3f9c,Victe Quinn,"348 Daniel Plains Wilmington, NC 27196",783-452-9786,kendra52@yahoo.com,Scarf,Kid,Women's,20,3
f223101c-1762-4034-a338-be093141f33e,Ae Dawson,"689 Robin Square Charlotte, NC 27036",309695600,mark14@hotmail.com,Jersey,Adult,Women's,50,3
f09e512b-b7f5-4275-954e-945b32b60587,Ae Dawson,"689 Robin Square Charlotte, NC 27036",309695600,mark14@hotmail.com,T-Shirt,Adult,Unisex,25,5
88528aa7-8dac-49c8-8eb3-1a97bf739991,Shannone Christian,"8127 Thornton Harbors Raleigh, NC 28776",286-591-8375x5089,mendozadavid@yahoo.com,Hoodie,Kid,Men's,40,2
c22eab19-0029-431a-98c3-e47bc9ff768d,Andre Kennedy,"28319 Rasmussen Village Apt. 547 Greensboro, NC 27495",001-324-281-6852,samuelhinton@yahoo.com,Scarf,Adult,Men's,20,4
a8e97c64-bf8a-4a8b-9a76-17e125f8c781,Francese Foster,"17097 Nash Streets Concord, NC 27598",+1-820-345-7884x7335,milesmichelle@king.org,Hoodie,Adult,Women's,40,4
e0746cac-502b-49c4-a6e6-01f053fb5a18,Heathere Gregory,"007 Lisa Key Winston-Salem, NC 27906",001-406-490-4960x798,christopherhall@yahoo.com,Cap,Adult,Unisex,15,3
e7d65e60-8de5-4bf6-bc3b-66e661cb6808,Kye Randolph,"45909 Lamb Alley Apt. 126 Wilmington, NC 27360",,clewis@gmail.com,Jersey,Kid,Men's,50,5
677f1eb9-ba71-4901-b058-17b794117be5,Lie Martin,"700 Harper Mount Winston-Salem, NC 27184",,christinagilmore@bradley.info,Hoodie,Adult,Women's,40,5
451f5eaf-ab7a-4eb0-8c29-cc6e285ab475,Williame Villa,"0496 Knapp Alley Winston-Salem, NC 27106",,fspencer@gmail.com,Jersey,Kid,Women's,50,3
17fa7841-b45f-4d22-b177-257e0ac95cb0,Matthewe Norton,"2995 Fuller Ports Apt. 604 Wilmington, NC 28770",,tina50@hotmail.com,Cap,Adult,Unisex,15,4
1b1487ad-4042-4924-b049-1e4bf2eea248,Kiae Gonzalez,"7210 White Island Apt. 916 Raleigh, NC 27934",,tracyfrazier@hotmail.com,Scarf,Kid,Women's,20,3
aac0beb4-79e7-47d3-ad94-9612dc29c8de,Kye Carter,"95502 Mary Expressway Suite 754 Fayetteville, NC 28505",,gregory07@welch.com,T-Shirt,Adult,Men's,25,1
dff3a5fa-df69-41d2-a010-93b40b085ed5,Jase Beasley,"810 Peters Stravenue Apt. 748 High Point, NC 28133",,cynthia49@mills.info,T-Shirt,Adult,Unisex,25,4
18be54a3-1a86-4e89-8f2d-e650e89a59d4,Nataliee Guerra,"3688 Benjamin Roads Cary, NC 27973",,rallen@yahoo.com,Cap,Kid,Women's,15,5
04dc7ef0-f32c-4541-a8d7-ecff71b2244d,Joe Flores,"6673 Howell Harbor Cary, NC 27537",,frances65@gmail.com,Hoodie,Adult,Men's,40,2
3017eaea-ec25-4eaf-8a3c-465ffcb053be,Williame Villa,"0496 Knapp Alley Winston-Salem, NC 27106",,fspencer@gmail.com,Jersey,Adult,Men's,50,4
9d5adefd-3065-4ae6-b7c5-b60415cef0d9,Cine Mcdonald,"2443 Henderson Road Apt. 654 Raleigh, NC 27633",,michael63@gmail.com,Cap,Kid,Women's,15,3
e8bcb795-e96c-46ea-955f-0a6586a613b7,Phillipe Singleton,"4391 Johnny Trace Raleigh, NC 27528",001-781-910-7377x63052,zrobertson@gmail.com,T-Shirt,Adult,Women's,25,3
a82e4326-4a5d-448c-8492-b80ce53f8e1e,Dave Hall,"012 Padilla Junctions Raleigh, NC 27854",323.545.8600,david43@diaz-jones.info,Jersey,Kid,Women's,50,5
175c5492-dff2-4aae-8ce4-725b8c732781,Shere Powers,"4306 Tara Prairie Suite 379 Charlotte, NC 28794",911-321-5827x97549,angela14@yahoo.com,Cap,Adult,Men's,15,2
1ce9af44-03e7-47e1-be79-38edc1c2da14,Victe Quinn,"348 Daniel Plains Wilmington, NC 27196",783-452-9786,kendra52@yahoo.com,Scarf,Adult,Women's,20,1
21134544-f3f4-4a9c-b11d-7f5e5d27868c,Nie Jacobs,"721 Timothy Radial Cary, NC 27485",(888)522-1964,gcollins@acosta.com,Cap,Adult,Men's,15,5
93de9ad1-04bb-4358-970b-1ceedfd920aa,Dave Hall,"012 Padilla Junctions Raleigh, NC 27854",323.545.8600,david43@diaz-jones.info,Cap,Adult,Men's,15,3
a571a1a7-7cc2-4eeb-8bd8-f170481aed32,Haroe Zuniga,"6457 Kayla Turnpike Apt. 288 Greensboro, NC 28354",001-484-785-5915,lindacochran@gmail.com,Jersey,Kid,Women's,50,4
4f8159ae-5bde-466e-a228-c164fee70cf1,Haroe Zuniga,"6457 Kayla Turnpike Apt. 288 Greensboro, NC 28354",001-484-785-5915,lindacochran@gmail.com,Scarf,Kid,Men's,20,5
0edc946f-b705-4ce9-bc02-458881d9afe7,Melissae Velasquez,"039 Misty Stream Apt. 125 High Point, NC 27496",(605)240-7602,sorr@mitchell.com,Cap,Kid,Women's,15,1
53bdf8b2-3f65-4ab1-919b-8358796a5a42,Melissae Velasquez,"039 Misty Stream Apt. 125 High Point, NC 27496",,sorr@mitchell.com,Scarf,Kid,Men's,20,1
58d47dde-0ee2-4861-b3f7-86003fdc8bb0,Ae Dawson,"689 Robin Square Charlotte, NC 27036",,mark14@hotmail.com,Scarf,Kid,Women's,20,5
2388b42f-997d-41cb-ae2f-217d7ddf3f58,Jase Beasley,"810 Peters Stravenue Apt. 748 High Point, NC 28133",,cynthia49@mills.info,Scarf,Kid,Women's,20,5
19d28642-807c-4999-9fc4-d33a74b75443,Denne Hicks,"106 Sullivan Spur High Point, NC 28332",,aguilarshaun@whitaker.biz,Jersey,Kid,Men's,50,4
ae308807-b4a1-4985-8170-d367bb721fc4,Christoe Ashley,"34870 Donna Mountains Fayetteville, NC 28317",,carly61@gmail.com,Scarf,Adult,Women's,20,5
a468d69e-72f4-4dc8-9420-6d6c8722cbb0,Francese Foster,"17097 Nash Streets Concord, NC 27598",,milesmichelle@king.org,Jersey,Adult,Unisex,50,2
c61b2b0d-1f77-4d84-ba0d-9b9f7dca6b72,Stephane Wright,"73125 Crosby Spurs Suite 050 Charlotte, NC 28103",,zfleming@hotmail.com,Scarf,Adult,Unisex,20,5
865c7c4a-bb09-4af0-b2c6-3982b567c859,Melissae Velasquez,"039 Misty Stream Apt. 125 High Point, NC 27496",(605)240-7602,sorr@mitchell.com,T-Shirt,Adult,Men's,25,2
d97bde6f-a7f8-4a8f-b72d-9b79dcaed9c2,Melissae Velasquez,"039 Misty Stream Apt. 125 High Point, NC 27496",(605)240-7602,sorr@mitchell.com,Jersey,Kid,Men's,50,1
29c56573-163a-4579-bd64-15f86b75bd7f,Michaele Rodriguez,"2111 David Rest Winston-Salem, NC 27588",001-825-341-3031,sharonhall@alexander.com,Jersey,Adult,Unisex,50,3
a61a6b0b-7a06-4b51-addd-9d56386e36df,Ae Dawson,"689 Robin Square Charlotte, NC 27036",309695600,mark14@hotmail.com,Scarf,Adult,Women's,20,1
9fa7ba43-0b63-45cc-85d7-448c89e0f6ff,Charlese Price,"36745 Roberts Drives Raleigh, NC 28031",800954669,ivaldez@thomas-norris.com,Cap,Adult,Unisex,15,3
bfef3e70-e8be-420e-b802-2684b36f7845,Charlese Price,"36745 Roberts Drives Raleigh, NC 28031",800954669,ivaldez@thomas-norris.com,Scarf,Kid,Women's,20,2
11e15709-a470-461d-80c3-e309a86942d2,Ade Roman,"780 Christina Well Suite 791 Raleigh, NC 27208",001-245-012-2755x972,jonesmary@hayden.org,Scarf,Adult,Women's,20,3
0e2b8b5c-a694-4ad3-b0e8-c7062c59a01a,Lie Clark,"4881 Luis Tunnel Suite 298 Raleigh, NC 27593",4190762927,danny17@mooney.org,Hoodie,Adult,Unisex,40,3
5228f4f4-d6cc-41da-bc63-bddcdf59d2b2,Kiae Gonzalez,"7210 White Island Apt. 916 Raleigh, NC 27934",+1-773-461-0601x01576,tracyfrazier@hotmail.com,Scarf,Kid,Unisex,20,3
78f97e03-f809-46f9-a14d-234bc0341e4f,Ade Herman,"5756 Ware Lodge Cary, NC 27740",025.702.4198x783,bschmidt@yahoo.com,T-Shirt,Adult,Unisex,25,1
8a53b5db-bf99-43c5-a629-285dd99c89fb,Yvete Hayes,"27733 Stephanie Overpass Wilmington, NC 27634",(607)932-8537,dperry@hotmail.com,Cap,Kid,Men's,15,5
ddaf065b-5461-4a77-b4e0-5230b6ceaa8d,Je Moore,"44381 Jerry Way Greensboro, NC 27092",9294850573,edwardreed@myers-conley.org,Hoodie,Kid,Unisex,40,1
3d5fd47b-1e36-42b3-b5cb-a614fc46b56e,Dave Hall,"012 Padilla Junctions Raleigh, NC 27854",323.545.8600,david43@diaz-jones.info,Cap,Kid,Men's,15,1
d1595464-e191-4487-8ce4-5d53541961b3,Dave Hall,"012 Padilla Junctions Raleigh, NC 27854",323.545.8600,david43@diaz-jones.info,T-Shirt,Adult,Men's,25,4
0f16481c-148a-428d-8daf-d7fce7eda8e2,Cine Mcdonald,"2443 Henderson Road Apt. 654 Raleigh, NC 27633",,michael63@gmail.com,Cap,Kid,Unisex,15,1
5fa96d1e-457d-4095-a121-62f78902d8af,Patricke Braun,"80441 Waters Land Durham, NC 27611",,tarabarber@dominguez.com,T-Shirt,Adult,Unisex,25,2
4f8f45f0-aeaf-4933-811e-97c12b33ed58,Christoe Ashley,"34870 Donna Mountains Fayetteville, NC 28317",,carly61@gmail.com,Cap,Kid,Men's,15,2
0b5d6da0-13cc-4ae0-9c12-ebdce698c1f1,Shere Powers,"4306 Tara Prairie Suite 379 Charlotte, NC 28794",,angela14@yahoo.com,Scarf,Adult,Unisex,20,1
6a776f11-fe7f-4ef7-9a39-3e7f2fa1aa25,Rebeccae Chang,"625 Ramirez Islands Fayetteville, NC 28544",,elizabethphillips@davis.org,T-Shirt,Kid,Unisex,25,2
24e1c3b6-890b-421e-87ab-0daca2f4fc95,Cine Vazquez,"82144 Henson Plaza Suite 466 Greensboro, NC 27942",+1-258-594-1962x41760,terry94@yahoo.com,Hoodie,Kid,Men's,40,2
6a960280-f6f6-443b-8fda-0884f3e7cbf1,Shannone Christian,"8127 Thornton Harbors Raleigh, NC 28776",286-591-8375x5089,mendozadavid@yahoo.com,Scarf,Adult,Men's,20,1
00958a0a-11c1-4d82-a15a-ffe591d468fc,Douglase Tran,"0581 Thomas Rapids Greensboro, NC 27311",754468892,patrick89@smith.net,Scarf,Kid,Unisex,20,3
914bbc43-8a08-4ebc-9037-e95583a779ac,Ade Herman,"5756 Ware Lodge Cary, NC 27740",025.702.4198x783,bschmidt@yahoo.com,T-Shirt,Kid,Women's,25,5
c87e162f-bcd9-4270-8bd9-69c837d48f52,Mege Johnson,"785 Joe Corner Wilmington, NC 28398",630-437-0282,thenry@jarvis-camacho.com,Hoodie,Kid,Men's,40,1
191d5a5d-b18f-4d76-9565-c3644ee0597c,Mege Johnson,"785 Joe Corner Wilmington, NC 28398",630-437-0282,thenry@jarvis-camacho.com,Scarf,Adult,Men's,20,5
e9950f93-d220-4f71-b170-c016fc513b6c,Victe Quinn,"348 Daniel Plains Wilmington, NC 27196",783-452-9786,kendra52@yahoo.com,Hoodie,Kid,Men's,40,1
ed2137a7-96b5-4d4a-af3c-818b7ce91be3,Douglase Tran,"0581 Thomas Rapids Greensboro, NC 27311",754468892,patrick89@smith.net,Scarf,Kid,Unisex,20,4
10cb1983-2086-4e05-b9a8-1f2e72696e88,Kye Carter,"95502 Mary Expressway Suite 754 Fayetteville, NC 28505",001-625-400-2856x5183,gregory07@welch.com,Scarf,Kid,Unisex,20,5
745bb762-dad2-4eeb-987f-27a594ae9ef6,Laure Fleming,"0174 Atkins Causeway Durham, NC 28449",,meyeramy@livingston.info,Jersey,Kid,Men's,50,1
4bcce09f-1d2a-4a59-b062-603e3634da0b,Anthonye Long,"32210 Theresa Fields Apt. 704 Charlotte, NC 28752",,allenamy@anderson-young.com,Jersey,Adult,Men's,50,2
1799dcc4-6c45-4755-b486-7dc1b9e68d9a,Robee Moore,"186 Susan Glen Suite 663 Charlotte, NC 27182",,jamiebaker@hotmail.com,Jersey,Adult,Unisex,50,2
881ff267-04fa-4651-b00e-2ab69d4c1fe0,Shannone Christian,"8127 Thornton Harbors Raleigh, NC 28776",,mendozadavid@yahoo.com,T-Shirt,Kid,Unisex,25,3
4e6981c3-2a41-4017-9fa5-2c7cfbf69f01,Francese Foster,"17097 Nash Streets Concord, NC 27598",,milesmichelle@king.org,T-Shirt,Adult,Women's,25,5
2cf454df-58b3-4a36-bf5b-e69f2251495a,Michaele Rodriguez,"2111 David Rest Winston-Salem, NC 27588",001-825-341-3031,sharonhall@alexander.com,Scarf,Adult,Women's,20,4
cd293fe8-b367-4caa-921c-45cee323663b,Emie White,"7137 Donald Ville Durham, NC 27315",(369)091-4488,lauren12@taylor.com,Cap,Adult,Unisex,15,2
65b79bc9-06ca-481e-8284-2da7da79851d,Mege Johnson,"785 Joe Corner Wilmington, NC 28398",630-437-0282,thenry@jarvis-camacho.com,T-Shirt,Kid,Unisex,25,4
c3536342-a72a-4c05-a33c-6c1a53b86b44,Lue Alexander,"2774 Donald Unions Fayetteville, NC 28635",(911)445-8858,reedstephanie@wright-torres.com,Jersey,Kid,Unisex,50,3
9901d2fd-be1f-4e21-8913-7f3aedab26f2,Heathere Davis,"219 Benitez Cape Suite 689 Raleigh, NC 27794",001-188-485-5150,ashleyrodriguez@hotmail.com,Jersey,Kid,Unisex,50,5
56c0ae38-f383-48e4-989a-6945ac1daa75,Heathere Ross,"676 Matthew Road Suite 338 Concord, NC 27455",833.032.1809x687,jillrobinson@yahoo.com,Hoodie,Kid,Women's,40,1
820af9e2-c84b-4fb7-8d6c-2f9f16574f1b,Joshe Riley,"8523 Bean Knolls Cary, NC 28402",103.906.5324,tanya75@gmail.com,Scarf,Kid,Men's,20,1
7d0bb89c-cd15-4495-bc5b-f341a3fe4914,Mege Dixon,"21741 Gilbert Lock Raleigh, NC 27474",+1-044-413-8963x348,melissagreen@gmail.com,Scarf,Kid,Men's,20,2
92bb67b3-f131-400f-9dfc-e72c63b41c08,Matthewe Norton,"2995 Fuller Ports Apt. 604 Wilmington, NC 28770",300-729-2791,tina50@hotmail.com,Scarf,Kid,Men's,20,3
7702182f-427d-4cb3-934a-4bcb0f94b109,Kye Randolph,"45909 Lamb Alley Apt. 126 Wilmington, NC 27360",796-149-2373x606,clewis@gmail.com,Cap,Adult,Unisex,15,5
dd4957a3-86ac-400a-92b9-ed4e0931e733,Williame Villa,"0496 Knapp Alley Winston-Salem, NC 27106",565.805.4562x495,fspencer@gmail.com,Cap,Adult,Unisex,15,5
bc81461e-0c0d-46f7-a075-09b072b32927,Rebeccae Chang,"625 Ramirez Islands Fayetteville, NC 28544",+1-415-177-3075x65930,elizabethphillips@davis.org,T-Shirt,Adult,Unisex,25,1
0940cda9-7da0-4899-8e81-34ada641aef9,Laure Fleming,"0174 Atkins Causeway Durham, NC 28449",(298)264-7241x899,meyeramy@livingston.info,Scarf,Adult,Men's,20,4
68612cc4-8cc7-444e-b4d2-98c9b344be84,Christoe Ashley,"34870 Donna Mountains Fayetteville, NC 28317",,carly61@gmail.com,Cap,Kid,Unisex,15,1
78ba35ed-0e24-4342-b1b1-b1f3b0d1c007,Nie Jacobs,"721 Timothy Radial Cary, NC 27485",,gcollins@acosta.com,Cap,Kid,Men's,15,5
bc5dd38e-7472-42dc-abf4-add99273a6ad,Emie White,"7137 Donald Ville Durham, NC 27315",,lauren12@taylor.com,Scarf,Adult,Men's,20,1
ecf19974-f72f-4bfd-a534-670d01270bca,Kimberle Holt,"90525 Simpson Prairie Apt. 973 Raleigh, NC 28542",,calebcannon@hotmail.com,Hoodie,Kid,Women's,40,1
b9a884f1-5724-4539-abee-5ebb01c43878,Anthonye Long,"32210 Theresa Fields Apt. 704 Charlotte, NC 28752",,allenamy@anderson-young.com,T-Shirt,Adult,Men's,25,5
b8b74552-6780-499a-95f4-b96a1c8cdb18,Stephane Wright,"73125 Crosby Spurs Suite 050 Charlotte, NC 28103",001-026-633-7135,zfleming@hotmail.com,Scarf,Adult,Men's,20,4
ac4632a4-dc65-4a65-8231-2818999c8e6b,Cine Mcdonald,"2443 Henderson Road Apt. 654 Raleigh, NC 27633",792-693-9057x9347,michael63@gmail.com,Cap,Kid,Men's,15,2
0bb77674-8c48-43ea-800b-245431f74fd1,Mae Butler,"766 Randy Mount Raleigh, NC 28496",(648)258-3048x720,tuckerbetty@mcintyre-wright.org,Cap,Adult,Unisex,15,2
9f16bbbe-f073-4a64-9d27-d3d569efa041,Shere Powers,"4306 Tara Prairie Suite 379 Charlotte, NC 28794",911-321-5827x97549,angela14@yahoo.com,Jersey,Kid,Women's,50,5
3c8bbd56-fdfc-491c-b0e0-1064c38ba439,Kimberle Holt,"90525 Simpson Prairie Apt. 973 Raleigh, NC 28542",001-182-962-5027,calebcannon@hotmail.com,Scarf,Adult,Unisex,20,2
347f8472-475a-48d0-a452-b384124832f2,Kye Carter,"95502 Mary Expressway Suite 754 Fayetteville, NC 28505",001-625-400-2856x5183,gregory07@welch.com,Scarf,Kid,Women's,20,4
e61bc529-7f82-4291-8dce-5e4240e89e6c,Pamee Singh,"19970 Sarah Throughway Apt. 946 Raleigh, NC 27366",+1-737-597-2445x515,joshuastanton@matthews.com,T-Shirt,Adult,Unisex,25,4
2fc6dbae-f37c-48ea-aaf8-cc6c7458c100,Rebeccae Chang,"625 Ramirez Islands Fayetteville, NC 28544",,elizabethphillips@davis.org,Cap,Adult,Unisex,15,4
06e1b0a2-4e6f-4e77-927e-2963d5d14096,Mege Dixon,"21741 Gilbert Lock Raleigh, NC 27474",,melissagreen@gmail.com,T-Shirt,Kid,Women's,25,2
5eec30b5-3cac-4751-a5da-e1821e5a616e,Amane Martin,"3406 Mccormick Ports Suite 466 Charlotte, NC 28784",,xgarza@davis.com,Jersey,Adult,Unisex,50,3
31e686a0-394e-42bd-b920-f13a6df407d2,Joe Flores,"6673 Howell Harbor Cary, NC 27537",094.404.7486,frances65@gmail.com,T-Shirt,Kid,Men's,25,3
d7d07235-3a27-4195-b530-c562528f333c,Kye Randolph,"45909 Lamb Alley Apt. 126 Wilmington, NC 27360",796-149-2373x606,clewis@gmail.com,Scarf,Kid,Unisex,20,5
12e21c37-ab5a-46fb-a139-fc372776c70e,Heathere Ross,"676 Matthew Road Suite 338 Concord, NC 27455",833.032.1809x687,jillrobinson@yahoo.com,Hoodie,Adult,Unisex,40,1
4a624aea-13c3-48fb-ae6f-02c18ab4c48d,Heathere Ross,"676 Matthew Road Suite 338 Concord, NC 27455",833.032.1809x687,jillrobinson@yahoo.com,T-Shirt,Adult,Women's,25,1
07d37271-561a-4c7f-8755-979f67e7fd64,Robee Sexton,"101 Perez Glens Charlotte, NC 27403",627-236-3072x1296,nolanjessica@gmail.com,T-Shirt,Kid,Men's,25,5
d45168dd-e2f3-4ae4-b5be-538360a15d8b,Kimberle Holt,"90525 Simpson Prairie Apt. 973 Raleigh, NC 28542",001-182-962-5027,calebcannon@hotmail.com,T-Shirt,Kid,Women's,25,1
c33a6e61-11a2-42c2-811f-6f37651d7bc1,Emie White,"7137 Donald Ville Durham, NC 27315",(369)091-4488,lauren12@taylor.com,Hoodie,Adult,Women's,40,4
7f112090-c19c-4c8d-898d-8503db5c6a7b,Kiae Gonzalez,"7210 White Island Apt. 916 Raleigh, NC 27934",+1-773-461-0601x01576,tracyfrazier@hotmail.com,T-Shirt,Kid,Women's,25,3
9227c170-c7b9-424c-a5bb-47a1b96b00ef,Cine Mcdonald,"2443 Henderson Road Apt. 654 Raleigh, NC 27633",792-693-9057x9347,michael63@gmail.com,T-Shirt,Kid,Men's,25,5
e66f2830-5eaa-4fbe-98ee-d9e102b1d7cc,Patricke Braun,"80441 Waters Land Durham, NC 27611",215.212.1566,tarabarber@dominguez.com,Hoodie,Adult,Unisex,40,3
