ID,Name,Street Address,City,State,Zip Code,Mobile Phone,Email,Ticket Type,Number of Tickets Purchased,Total Spent,Section
b46ead9b-3919-46b4-ba40-0b63ff49494f,Michelle Nidl,101 Sas campus dr,Cary,NC,27516,919-513-1000,mnidl@gmail.com,Single Game,2,450,18
b46ead9b-3919-46b4-ba40-0b63ff49494f,Christina Clark,35142 Turner Meadow Suite 050,Fayetteville,NC,27871,(332)439-6889,jennifer60@gmail.com,Season Ticket,2,600,18
df738df0-e6a9-44a5-9010-04aa91d9859b,Jody Flores,6673 Howell Harbor,Cary,NC,27537,001-685-130-1405x230,frances65@gmail.com,Purchase Pack,5,40,126
1a462ca1-3cba-4710-87ed-93f1cfea1150,Jon Moore,44381 Jerry Way,Greensboro,NC,27092,001-637-134-7396x22061,edwardreed@myers-conley.org,Single Game,5,60,12
dfc87862-c5da-4fd3-a319-2666f184919a,Charles Price,36745 Roberts Drives,Raleigh,NC,28031,203.901.1589x1229,ivaldez@thomas-norris.com,Single Game,5,1000,15
adf97466-041b-4733-893c-24cd9dc2ff6a,Sherry Powers,4306 Tara Prairie Suite 379,Charlotte,NC,28794,+1-879-815-6876x5458,angela14@yahoo.com,Season Ticket,1,20,17
8117a206-27b9-4778-a9ff-85f9d0a37360,David Hall,012 Padilla Junctions,Raleigh,NC,27854,001-583-527-3093x179,david43@diaz-jones.info,Season Ticket,5,20,17
498a9962-a63b-458b-8507-2c27818f537a,David Hall,012 Padilla Junctions,Raleigh,NC,27854,001-583-527-3093x179,david43@diaz-jones.info,Parking Pass,4,800,117
1d472e63-40f9-408e-91f8-9c1d76fe3538,Lisa Martin,700 Harper Mount,Winston-Salem,NC,27184,313.292.1448,christinagilmore@bradley.info,Parking Pass,4,50,5
beda9494-d5a0-4c3b-8953-f4b852fbc6c1,Rebecca Chang,625 Ramirez Islands,Fayetteville,NC,28544,001-172-781-7228x8202,elizabethphillips@davis.org,Parking Pass,1,20,117
27c64a03-a08d-4df4-ac22-f4289aca1265,Kimberly Holt,90525 Simpson Prairie Apt. 973,Raleigh,NC,28542,(952)915-6082x81591,calebcannon@hotmail.com,Season Ticket,3,150,2
1c7d3c95-6eac-477b-b0cb-a79d49315848,Jon Moore,44381 Jerry Way,Greensboro,NC,27092,001-637-134-7396x22061,edwardreed@myers-conley.org,Purchase Pack,2,80,5
995252cd-c6f5-4bb7-91cd-eef42ecab31b,Frances Foster,17097 Nash Streets,Concord,NC,27598,699.713.1075x321,milesmichelle@king.org,Purchase Pack,5,1000,22
f40a8dcd-e9a7-43f9-a64c-eaa53fba7dba,Crystal Dixon,9139 Hill Islands,Winston-Salem,NC,28603,001-787-579-0110,joshualeon@hotmail.com,Single Game,5,600,123
1f9cab4a-d575-4ebe-91d3-de1580f8f7e9,Dennis Hicks,106 Sullivan Spur,High Point,NC,28332,392.933.5698,aguilarshaun@whitaker.biz,Single Game,1,60,126
fe1bad7f-b38d-44fc-b117-a5fd0ecb338d,Ryan Jackson,692 Reyes Tunnel,Charlotte,NC,28622,571.672.2371,stephaniecallahan@cherry-wright.com,Season Ticket,5,100,5
4ebf526b-493c-46bf-b122-b66d33924945,Nina Jacobs,721 Timothy Radial,Cary,NC,27485,+1-590-601-6018x766,gcollins@acosta.com,Season Ticket,5,150,23
8f78bedf-fe44-40f2-a26c-db840e45578a,Sherry Powers,4306 Tara Prairie Suite 379,Charlotte,NC,28794,+1-879-815-6876x5458,angela14@yahoo.com,Purchase Pack,4,600,26
8c47179e-6c84-4baf-97a3-4438cc1d72dc,Megan Dixon,21741 Gilbert Lock,Raleigh,NC,27474,525.704.8368x74981,melissagreen@gmail.com,Season Ticket,1,150,27
2d1f5a0b-9e68-4b16-a1d4-12727360a64c,Kyle Randolph,45909 Lamb Alley Apt. 126,Wilmington,NC,27360,+1-850-691-3954x762,clewis@gmail.com,Season Ticket,4,500,91
f6816e65-7593-4b0a-a9e4-5ac2ccf7438e,Charles Price,36745 Roberts Drives,Raleigh,NC,28031,203.901.1589x1229,ivaldez@thomas-norris.com,Purchase Pack,1,500,123
29587f9b-ea23-47d3-839a-93c1b534eea2,Charles Price,36745 Roberts Drives,Raleigh,NC,28031,203.901.1589x1229,ivaldez@thomas-norris.com,Parking Pass,4,150,29
6642c9c1-05b1-4191-900a-511bf8b9304a,Amanda Martin,3406 Mccormick Ports Suite 466,Charlotte,NC,28784,(105)831-4610x273,xgarza@davis.com,Single Game,3,200,25
c95dde80-bd46-46d3-a4a7-8c7e024060cb,Lisa Clark,4881 Luis Tunnel Suite 298,Raleigh,NC,27593,+1-764-745-9097x46056,danny17@mooney.org,Single Game,2,20,7
6e06e12a-9bfa-4899-8ceb-5feaffd97d14,Mitchell Williams,64710 Katherine Brooks Apt. 966,Concord,NC,28041,(338)348-7505x16296,jerrydillon@elliott.com,Single Game,5,80,29
6065ef44-f6e5-47f9-a4c8-613b29e08552,Ryan Jackson,692 Reyes Tunnel,Charlotte,NC,28622,571.672.2371,stephaniecallahan@cherry-wright.com,Purchase Pack,5,200,10
d14ccd05-bb6b-4150-bcdf-0408ed4756a4,John Ray,404 Bennett Circles Apt. 935,Greensboro,NC,28311,402.148.2301,cooperselena@gmail.com,Season Ticket,3,2000,19
89ec86f7-27d7-436d-8106-1d1f3ba9806d,Austin Smith,1315 Robinson Circle,Winston-Salem,NC,28219,+1-661-202-8172x9366,oporter@hotmail.com,Purchase Pack,3,150,23
1f771a04-44df-4630-9062-4e400ce888db,Mary Butler,766 Randy Mount,Raleigh,NC,28496,(932)629-6346,tuckerbetty@mcintyre-wright.org,Single Game,1,60,18
f5c085e1-7e30-4756-a740-fb16b85d8e5b,Nina Jacobs,721 Timothy Radial,Cary,NC,27485,+1-590-601-6018x766,gcollins@acosta.com,Single Game,5,500,11
4d5eca31-099e-4982-94ea-41040e1762c1,Dennis Hicks,106 Sullivan Spur,High Point,NC,28332,392.933.5698,aguilarshaun@whitaker.biz,Single Game,4,250,19
c86733ef-d3e6-4a26-ae84-76151087249c,Shannon Christian,8127 Thornton Harbors,Raleigh,NC,28776,568.734.8845x74290,mendozadavid@yahoo.com,Purchase Pack,2,2000,18
aca21e48-e36b-4f74-a351-4fea781cad44,Douglas Tran,0581 Thomas Rapids,Greensboro,NC,27311,294.478.8440x61798,patrick89@smith.net,Single Game,2,600,27
bbab4779-fce1-40e4-97cc-88dc4889cfad,Christina Clark,35142 Turner Meadow Suite 050,Fayetteville,NC,27871,(332)439-6889,jennifer60@gmail.com,Single Game,5,80,6
618fd4b2-3c71-4fc7-94da-ef68be3d89f3,Heather Ross,676 Matthew Road Suite 338,Concord,NC,27455,143.353.6791,jillrobinson@yahoo.com,Single Game,4,500,8
eaa53374-56ac-4a68-af53-221d1a21906a,Jason Beasley,810 Peters Stravenue Apt. 748,High Point,NC,28133,575.922.9118x749,cynthia49@mills.info,Season Ticket,2,50,29
6ace1657-d541-4f15-b608-b633fae2a7a9,Melissa Velasquez,039 Misty Stream Apt. 125,High Point,NC,27496,+1-617-265-9859x72105,sorr@mitchell.com,Season Ticket,5,600,27
ee3598db-83ac-46c6-95f8-1b8da5b2028a,Anthony Long,32210 Theresa Fields Apt. 704,Charlotte,NC,28752,(471)774-0167x81964,allenamy@anderson-young.com,Single Game,1,1000,18
42a642d1-df82-4521-83bb-ba9a1aa6ed01,Heather Ross,676 Matthew Road Suite 338,Concord,NC,27455,143.353.6791,jillrobinson@yahoo.com,Purchase Pack,4,200,2
a7d339f7-d2f4-49ec-aa56-54fcf06b26eb,Lisa Martin,700 Harper Mount,Winston-Salem,NC,27184,313.292.1448,christinagilmore@bradley.info,Purchase Pack,3,150,24
1e5b0a7b-4c85-4c99-8a3c-c90f4180e337,Robert Short,6726 Heather Mills Apt. 180,Durham,NC,28118,260-562-1805,kwilliams@larson.com,Parking Pass,3,800,10
316deb6f-39e0-45f7-8c35-3bc48e5cc165,David Hall,012 Padilla Junctions,Raleigh,NC,27854,001-583-527-3093x179,david43@diaz-jones.info,Purchase Pack,3,500,29
de1e3b07-a550-4a5c-9ad7-07a7a05e7080,Harold Zuniga,6457 Kayla Turnpike Apt. 288,Greensboro,NC,28354,652.170.9634x4537,lindacochran@gmail.com,Single Game,3,50,12
868ea082-a827-47c8-8f00-2e1f617d13ad,John Ray,404 Bennett Circles Apt. 935,Greensboro,NC,28311,402.148.2301,cooperselena@gmail.com,Purchase Pack,3,500,22
a3671890-c995-459c-bae2-42a45575ea7c,Pamela Singh,19970 Sarah Throughway Apt. 946,Raleigh,NC,27366,001-193-424-5955x9098,joshuastanton@matthews.com,Parking Pass,4,20,12
9afc6ba6-134c-4a06-8d07-1ec4408b1af5,Harold Zuniga,6457 Kayla Turnpike Apt. 288,Greensboro,NC,28354,652.170.9634x4537,lindacochran@gmail.com,Single Game,2,100,10
60f0d4a2-f90c-4755-8742-38c9c175ae05,Jason Beasley,810 Peters Stravenue Apt. 748,High Point,NC,28133,575.922.9118x749,cynthia49@mills.info,Season Ticket,3,20,28
39bf6bff-54c6-4b2e-969d-96f526167cd5,Crystal Dixon,9139 Hill Islands,Winston-Salem,NC,28603,001-787-579-0110,joshualeon@hotmail.com,Purchase Pack,5,1000,26
c8e7f78e-2812-4c8d-986b-05f78340a570,Kathleen Medina,25276 Chavez Rapid,Fayetteville,NC,27544,(426)410-2785x51064,kevin47@yahoo.com,Single Game,4,20,2
994bf461-126d-477e-b32b-9204db55db72,Adam Herman,5756 Ware Lodge,Cary,NC,27740,420.369.5641,bschmidt@yahoo.com,Purchase Pack,4,400,29
f8d825ca-8956-43b4-a5e0-5b2b7adf9528,Renee Taylor,45176 Byrd Port Suite 243,Greensboro,NC,27071,7129276798,ctrujillo@stokes.info,Parking Pass,2,150,24
a1139df0-4c33-420a-a685-86e6fe609ba7,Mitchell Williams,64710 Katherine Brooks Apt. 966,Concord,NC,28041,(338)348-7505x16296,jerrydillon@elliott.com,Season Ticket,3,600,111
eb4d84ef-f6ef-4f03-95e6-ccf5960f6477,Kiara Gonzalez,7210 White Island Apt. 916,Raleigh,NC,27934,+1-610-530-4262x19930,tracyfrazier@hotmail.com,Purchase Pack,5,250,27
92146efb-824d-46f3-9c8c-60edbbaeea92,Natalie Guerra,3688 Benjamin Roads,Cary,NC,27973,(883)237-1930x701,rallen@yahoo.com,Season Ticket,2,400,23
82ef2eec-a417-4030-a24e-cf522ee08c17,Robert Sexton,101 Perez Glens,Charlotte,NC,27403,430-391-9192x38217,nolanjessica@gmail.com,Season Ticket,5,200,17
e6d8dbe9-b27b-49e4-8b2c-e0b4709c2a4b,Dennis Hicks,106 Sullivan Spur,High Point,NC,28332,392.933.5698,aguilarshaun@whitaker.biz,Purchase Pack,3,20,23
ffa7023e-702d-4ed2-b23a-f06ced6b2cba,Ryan Jackson,692 Reyes Tunnel,Charlotte,NC,28622,571.672.2371,stephaniecallahan@cherry-wright.com,Season Ticket,5,2500,12
d92fe32c-ed21-4ec1-be20-c9798f821a61,Ryan Jackson,692 Reyes Tunnel,Charlotte,NC,28622,571.672.2371,stephaniecallahan@cherry-wright.com,Parking Pass,4,40,113
ac20075f-54d7-401d-892f-59811048f0f9,Jessica Herrera,43521 Williams Square Apt. 914,Durham,NC,28597,7165210868,timothyalexander@krause-horton.info,Season Ticket,3,40,22
5a43fe18-a4be-47e7-bbe7-03fb7b5b0a15,Chris Bryant,78707 Lisa Keys,Fayetteville,NC,28857,353-727-8350,thomasgarza@carson-hunter.com,Parking Pass,2,2000,18
c92a5f24-3e25-462c-90cb-cd4bdb417895,Henry Olson,479 Howard Tunnel Apt. 468,Durham,NC,28282,510-281-8306,wrightjamie@yahoo.com,Season Ticket,3,250,13
39841e4f-3ace-4829-95bf-ac8cb34a89c4,Phillip Singleton,4391 Johnny Trace,Raleigh,NC,27528,(398)981-1195x69850,zrobertson@gmail.com,Parking Pass,2,200,4
aa1ea8cb-f7ba-44ae-8a66-fd0ea4d0dc68,Robert Moore,186 Susan Glen Suite 663,Charlotte,NC,27182,280-478-6594,jamiebaker@hotmail.com,Single Game,1,400,12
bc9ab7a0-5da1-4282-b1b8-ecdbf17917b0,Kiara Gonzalez,7210 White Island Apt. 916,Raleigh,NC,27934,+1-610-530-4262x19930,tracyfrazier@hotmail.com,Purchase Pack,4,200,20
b8124bab-79b6-4e80-bc3d-5a305e3e9567,Robert Short,6726 Heather Mills Apt. 180,Durham,NC,28118,260-562-1805,kwilliams@larson.com,Season Ticket,3,80,10
f6f4b000-7d3a-4f1e-af18-26c99b69f780,Robert Short,6726 Heather Mills Apt. 180,Durham,NC,28118,260-562-1805,kwilliams@larson.com,Season Ticket,5,150,126
1fe55d16-052b-41e2-a5cd-fa817b4ac072,Rebecca Chang,625 Ramirez Islands,Fayetteville,NC,28544,001-172-781-7228x8202,elizabethphillips@davis.org,Parking Pass,4,500,19
9e951b59-a792-487c-badb-3f8b24b09a49,Chris Bryant,78707 Lisa Keys,Fayetteville,NC,28857,353-727-8350,thomasgarza@carson-hunter.com,Purchase Pack,3,1000,113
4ab39784-8136-4c89-b7f2-931d966eeadf,Jon Moore,44381 Jerry Way,Greensboro,NC,27092,001-637-134-7396x22061,edwardreed@myers-conley.org,Single Game,5,80,24
6c44d82d-a1cb-4b7a-92a0-129c1b52f85f,Michael Rodriguez,2111 David Rest,Winston-Salem,NC,27588,+1-102-717-9416x2620,sharonhall@alexander.com,Purchase Pack,5,40,18
d787fa8c-2c8e-4305-af2d-31902ec32cd2,Cheryl Miller,913 Danielle Villages,Concord,NC,27950,(436)127-3645,jennifermoore@williams.com,Single Game,4,20,10
651a0557-2ee3-4574-b618-d6b7f9070fe2,Kathleen Medina,25276 Chavez Rapid,Fayetteville,NC,27544,(426)410-2785x51064,kevin47@yahoo.com,Season Ticket,1,40,5
bb8e1e6d-2ebc-4f7c-b24c-7dc7edb5ffd5,Phillip Singleton,4391 Johnny Trace,Raleigh,NC,27528,(398)981-1195x69850,zrobertson@gmail.com,Purchase Pack,5,250,24
36cd5461-d4d2-4821-89c0-ae607473d275,Lisa Clark,4881 Luis Tunnel Suite 298,Raleigh,NC,27593,+1-764-745-9097x46056,danny17@mooney.org,Single Game,5,40,25
33da38a6-6d31-4a2e-8bb2-a1e45595eb5f,Crystal Dixon,9139 Hill Islands,Winston-Salem,NC,28603,001-787-579-0110,joshualeon@hotmail.com,Single Game,5,40,31
4fb186c5-6379-4e78-ae62-0914a7d37293,Rebecca Chang,625 Ramirez Islands,Fayetteville,NC,28544,001-172-781-7228x8202,elizabethphillips@davis.org,Season Ticket,5,400,19
9abcad61-e6fa-4037-a681-f077c750104e,Jesus Riley,755 James Parks,Concord,NC,27544,+1-747-032-9884x39672,whanson@hotmail.com,Season Ticket,4,1000,19
e42791dc-23bb-4128-8330-97e6547a2803,Lisa Martin,700 Harper Mount,Winston-Salem,NC,27184,313.292.1448,christinagilmore@bradley.info,Parking Pass,5,60,6
24de98d3-78c5-4be4-b4de-7f168ab95295,Christopher Ashley,34870 Donna Mountains,Fayetteville,NC,28317,175-534-8217x15488,carly61@gmail.com,Parking Pass,4,40,30
45f41221-7b54-4e15-a35f-0a9b9f1f9f35,Rebecca Chang,625 Ramirez Islands,Fayetteville,NC,28544,001-172-781-7228x8202,elizabethphillips@davis.org,Season Ticket,2,400,126
b5696f81-8111-4f08-8248-c1d75f359288,Yvette Hayes,27733 Stephanie Overpass,Wilmington,NC,27634,001-173-773-3205x426,dperry@hotmail.com,Season Ticket,5,50,22
6f707fbd-e1a2-4fa4-9f56-88725f242c73,John Ray,404 Bennett Circles Apt. 935,Greensboro,NC,28311,402.148.2301,cooperselena@gmail.com,Parking Pass,4,800,20
d8554a1a-f8b1-43b8-9340-18dc4b192f5d,Amanda Martin,3406 Mccormick Ports Suite 466,Charlotte,NC,28784,(105)831-4610x273,xgarza@davis.com,Single Game,5,1000,18
eed1d6d9-cb7d-4edb-ae29-7b34c4b2d966,Amanda Martin,3406 Mccormick Ports Suite 466,Charlotte,NC,28784,(105)831-4610x273,xgarza@davis.com,Single Game,5,50,91
bfd8d8c0-868e-4cc1-b8c6-f39569a820db,Robert Short,6726 Heather Mills Apt. 180,Durham,NC,28118,260-562-1805,kwilliams@larson.com,Single Game,3,500,111
8b438fc5-52e8-4074-a214-f91773467137,Lauren Fleming,0174 Atkins Causeway,Durham,NC,28449,(480)436-8527,meyeramy@livingston.info,Season Ticket,4,500,18
fe5f62a5-5eee-4e57-9e00-0fa8ab759ac9,Lisa Clark,4881 Luis Tunnel Suite 298,Raleigh,NC,27593,+1-764-745-9097x46056,danny17@mooney.org,Parking Pass,4,1000,30
49b48f6f-9308-457f-b8f9-0729d311ce78,Wendy Bowen,7098 Dickerson Walks Apt. 414,Cary,NC,28642,328-809-0253x221,lori09@green.com,Season Ticket,1,2500,2
4bd04b1d-e230-4ba6-83e1-b290262793cd,Carl Collier,13950 Kennedy Trail,Durham,NC,28682,(888)519-8431,iburgess@hotmail.com,Season Ticket,5,40,91
792372d0-13f4-4150-8df6-afbb22a51ac4,Matthew Norton,2995 Fuller Ports Apt. 604,Wilmington,NC,28770,(610)584-9458,tina50@hotmail.com,Purchase Pack,3,2500,7
3e962f11-1772-453e-b8e0-40f3dfcd34b2,Pamela Singh,19970 Sarah Throughway Apt. 946,Raleigh,NC,27366,001-193-424-5955x9098,joshuastanton@matthews.com,Single Game,4,60,126
f96f824f-27be-4982-aaec-5999d61ff122,Mitchell Williams,64710 Katherine Brooks Apt. 966,Concord,NC,28041,(338)348-7505x16296,jerrydillon@elliott.com,Purchase Pack,4,100,123
c7fb3c0d-c320-4d49-a51c-eb8afad4406a,Chris Bryant,78707 Lisa Keys,Fayetteville,NC,28857,353-727-8350,thomasgarza@carson-hunter.com,Purchase Pack,3,400,2
3ad8749e-a41d-4de3-9d54-9d77df709127,Andrew Kennedy,28319 Rasmussen Village Apt. 547,Greensboro,NC,27495,(931)628-0105,samuelhinton@yahoo.com,Purchase Pack,5,200,18
a66cf5a0-fb59-485c-991c-cac61ca8269c,Rebecca Chang,625 Ramirez Islands,Fayetteville,NC,28544,001-172-781-7228x8202,elizabethphillips@davis.org,Purchase Pack,4,150,111
72f3e8c5-0972-4b73-97fd-b8912afe0ce9,Natalie Guerra,3688 Benjamin Roads,Cary,NC,27973,(883)237-1930x701,rallen@yahoo.com,Parking Pass,5,2000,12
89f4c41d-160a-4740-8cef-59d58c582421,Cheryl Miller,913 Danielle Villages,Concord,NC,27950,(436)127-3645,jennifermoore@williams.com,Parking Pass,2,400,21
35c3cf25-c464-4a1f-9510-e56e952512ff,Cheryl Miller,913 Danielle Villages,Concord,NC,27950,(436)127-3645,jennifermoore@williams.com,Parking Pass,3,100,2
66528592-ae15-4f90-8a2a-962c33927968,Kathy Curry,4165 Benjamin Forks,Charlotte,NC,27601,(729)203-2038x094,kimberly80@yahoo.com,Single Game,2,400,23
ac4f5afb-ec71-431b-b4e7-bd00af251d10,Robert Moore,186 Susan Glen Suite 663,Charlotte,NC,27182,280-478-6594,jamiebaker@hotmail.com,Single Game,4,800,24
df553c0a-7c72-4a52-b85e-ea6852735ec1,Cindy Mcdonald,2443 Henderson Road Apt. 654,Raleigh,NC,27633,(580)102-5524,michael63@gmail.com,Season Ticket,3,60,10
3a0297f4-60f8-4dbe-b1db-64e98735539d,Kyle Randolph,45909 Lamb Alley Apt. 126,Wilmington,NC,27360,+1-850-691-3954x762,clewis@gmail.com,Single Game,4,1000,14
8d568694-7cb5-41c3-842b-0a5250f4c843,Heather Davis,219 Benitez Cape Suite 689,Raleigh,NC,27794,(593)388-0742,ashleyrodriguez@hotmail.com,Parking Pass,4,100,8
5bf5873a-be8e-4c03-b448-a97dc242bfdf,Heather Gregory,007 Lisa Key,Winston-Salem,NC,27906,4610980781,christopherhall@yahoo.com,Season Ticket,4,100,15
3332986e-7c8a-4954-bed6-6a21fbb166ee,Adam Herman,5756 Ware Lodge,Cary,NC,27740,420.369.5641,bschmidt@yahoo.com,Purchase Pack,4,100,18
1b8db47f-2adc-4c4c-b6c8-43129d05912f,Lisa Martin,700 Harper Mount,Winston-Salem,NC,27184,313.292.1448,christinagilmore@bradley.info,Purchase Pack,3,150,10
0729e90e-3d39-4457-8959-c11df8bf54e1,Anthony Long,32210 Theresa Fields Apt. 704,Charlotte,NC,28752,(471)774-0167x81964,allenamy@anderson-young.com,Season Ticket,3,1000,6
