ID,First Name,Last Name,Suffix,Business Title,Gender,Birthday,Marital Status,Ethnicity,Street Address,City,State,Zip Code,Home Phone,Cell Phone,Business Phone,Email,Ticket Type,Number of Tickets Purchased,Total Spent,Section
e6dd4fe9-afa7-47b6-8b05-ca2247cb2e71,Harry,Nidl,,Napkin Dispenser Repairman,Male,,,,100 SAS Campus Drive,Cary,North Carolina,27613,,,,harold.nidl@sas.com,Season Ticket,5,2500,18
e6dd4fe9-afa7-47b6-8b05-ca2247cb2e72,Kyle,Randolph,Jr.,Osteopath,Female,4/5/1979,Widowed,Hispanic,45909 lamb alley apt 126,Wilmington,NC,27360,796-149-2373x606,+1-850-691-3954x762,+1-357-165-2160x9580,clewis@gmail.com,Single Game,1,50,19
986377b9-771c-47e7-8734-24927faa6549,Bill,Villa,,"Geologist, wellsite",Female,8/9/1980,Divorced,Middle Eastern,0496 knapp alley,Winston-Salem,NC,27106,565.805.4562x495,8446758153,231-286-0875,fspencer@gmail.com,Parking Pass,5,100,23
63f5f587-03ad-4208-8f31-3ff9931b6aa4,Natalia,Guerra,,Quantity surveyor,Female,5/5/1994,Married,Asian,3688 benjamin rd,Cary,NC,27973,(930)802-3339x20088,(883)237-1930x701,645.097.6804x327,rallen@yahoo.com,Parking Pass,2,40,27
20a2b612-e240-4784-ba13-f8336a8eef32,Natalie,Guerra,,Quantity surveyor,Female,5/5/1994,Married,Asian,3689 benjamin rd,Cary,NC,27973,(930)802-3339x20088,(883)237-1930x701,645.097.6804x327,rallen@yahoo.com,Purchase Pack,4,800,6
d9f06699-42a7-4f5e-9916-213a41c4c408,Heather,Ross,,Counsellor,Male,3/18/1995,Married,Hispanic,676 Matthew rd Suite 338,Concord,NC,27455,833.032.1809x687,143.353.6791,+1-557-080-5929x646,jillrobinson@yahoo.com,Parking Pass,3,60,10
9f0d972e-af12-4834-84a3-a4981965c0b2,Heather,Ross,,Counsellor,Male,3/18/1995,Married,Hispanic,676 Matthew Road Suite 338,Concord,NC,27455,833.032.1809x687,143.353.6791,+1-557-080-5929x646,jillrobinson@yahoo.com,Purchase Pack,4,800,11
757dd790-decf-48f3-9931-603bfb6b97ff,Lisa,Clark,,Logistics and distribution manager,Female,11/26/1968,Married,Hispanic,4881 Luis Tunnel Suite 298,Raleigh,NC,27593,4190762927,+1-764-745-9097x46056,663.227.0711x86125,danny17@mooney.org,Single Game,1,50,24
f75fe68c-870d-4ec1-b837-cdd55ab7f543,Natalie,Guerra,,"Research officer, government",Female,5/5/1994,Married,Asian,3688 Benjamin Roads,Cary,NC,27973,(930)802-3339x20088,(883)237-1930x701,645.097.6804x327,rallen@yahoo.com,Purchase Pack,1,200,20
fee8bafb-b1b6-4b2e-b191-ea6ccd9d93e4,Kiara,Gonzalez,,Theme park manager,Male,8/3/1981,Single,Latino,7210 White Island Apt. 916,Raleigh,NC,27934,+1-773-461-0601x01576,+1-610-530-4262x19930,012-402-9891,tracyfrazier@hotmail.com,Purchase Pack,1,200,91
40373af3-1f04-4e2d-9565-f304c50dbd14,Josh,Riley,,Publishing rights manager,Male,6/19/1992,Married,Asian,8523 Bean Knolls,Cary,NC,28402,103.906.5324,2819222795,001-741-747-0101x02016,tanya75@gmail.com,Parking Pass,3,60,126
ec07ad8f-d56a-4b4d-bba7-8aab60cb35b5,Karina,Hunter,,"Copywriter, advertising",Female,10/28/1954,Widowed,Middle Eastern,8403 Omar Place Suite 361,Greensboro,NC,28719,001-594-452-8691x8587,(372)469-9384,+1-282-623-8777x306,jessica96@hotmail.com,Purchase Pack,3,600,7
46cd2790-b37a-4dd9-be9f-ccc58f5b09d7,Mitch,Williams,,Educational psychologist,Male,1/22/1981,Widowed,Caucasian,64710 Katherine Brooks Apt. 966,Concord,NC,28041,+1-443-354-8516x6867,(338)348-7505x16296,001-707-274-1725x7813,jerrydillon@elliott.com,Single Game,5,250,117
a8691d70-f079-4ddf-9cd2-1d4ce74907b6,Jessica,Herrera,,Call centre manager,Female,3/27/1945,Single,Latino,43521 Williams Square Apt. 914,Durham,NC,28597,(027)655-3604x125,7165210868,577.580.9389x84620,timothyalexander@krause-horton.info,Purchase Pack,4,800,9
37e0522a-23a5-4267-b75c-d716de751446,Austin,Smith,,Midwife,Female,12/5/1969,Divorced,Middle Eastern,1315 Robinson Circle,Winston-Salem,NC,28219,412.926.2331x0410,+1-661-202-8172x9366,-9391,oporter@hotmail.com,Purchase Pack,2,400,2
1e3fc1fa-23dd-4f0c-affb-8f24d5217b26,Christine,Campbell,,"Administrator, local government",Male,7/8/1993,Divorced,African American,04070 Holt Lane,Wilmington,NC,28536,+1-636-429-1649x8162,274.353.9375,107.287.4457,christina59@crawford-webb.org,Single Game,1,50,126
9630c1cf-5fe3-46e8-a7bf-ac5acb7bc38f,Ben,Williamson,,Public house manager,Female,4/21/1949,Divorced,Latino,0018 Nicole Mills Apt. 148,Wilmington,NC,28671,(162)468-0197,4891521808,323.999.7508,jennifermyers@yahoo.com,Purchase Pack,2,400,29
23d3fcda-591b-4aa2-9e37-49e169914bb5,Wendy,Bowen,,Charity fundraiser,Male,4/16/1963,Single,Caucasian,7098 Dickerson Walks Apt. 414,Cary,NC,28642,(691)860-4694,328-809-0253x221,+1-268-202-0972x6643,lori09@green.com,Purchase Pack,4,800,23
9009a802-21cf-41b2-b122-495ccfcd4732,Pam,Singh,,Administrator,Female,4/7/1958,Widowed,Latino,19970 Sarah Throughway Apt. 946,Raleigh,NC,27366,+1-737-597-2445x515,001-193-424-5955x9098,001-128-914-2781x323,joshuastanton@matthews.com,Purchase Pack,5,1000,10
5b079b97-e097-4d7f-a7e3-160e2f177897,Phil,Singleton,,Petroleum engineer,Female,1/5/1967,Widowed,Middle Eastern,4391 Johnny Trace,Raleigh,NC,27528,001-781-910-7377x63052,(398)981-1195x69850,(089)052-7211,zrobertson@gmail.com,Season Ticket,4,2000,7
3e0a6070-64a6-4faa-bfe9-89f1372fba82,Jody,Flores,,Patent attorney,Male,6/20/2003,Widowed,Caucasian,6673 Howell Harbor,Cary,NC,27537,094.404.7486,001-685-130-1405x230,(709)149-4180,frances65@gmail.com,Season Ticket,5,2500,1
59a7f187-6ccb-4814-be4e-6b12900bd4b7,Kyle,Randolph,,Market researcher,Female,4/5/1979,Widowed,Hispanic,45909 Lamb Alley Apt. 126,Wilmington,NC,27360,796-149-2373x606,+1-850-691-3954x762,+1-357-165-2160x9580,clewis@gmail.com,Parking Pass,5,100,27
c884f1d8-f639-463e-88fe-52abfd37aefd,Melissa,Velasquez,,Copy,Male,8/24/1960,Widowed,Hispanic,039 Misty Stream Apt. 125,High Point,NC,27496,(605)240-7602,+1-617-265-9859x72105,001-784-019-9360,sorr@mitchell.com,Purchase Pack,5,1000,123
29c7d347-8e6a-48b8-8f57-06299eb7e720,Veronica,James,,"Scientist, research (life sciences)",Female,7/4/1981,Single,Asian,8021 George Oval,Fayetteville,NC,27884,249-284-5928x422,(667)383-2484,685-542-3672x1375,vanessa71@fisher-parker.com,Single Game,3,150,18
6b898fd5-937b-4665-b51d-e575fa0eb261,Andy,Kennedy,,Operational researcher,Female,5/6/1949,Single,Asian,28319 Rasmussen Village Apt. 547,Greensboro,NC,27495,001-324-281-6852,(931)628-0105,107.068.6103x7274,samuelhinton@yahoo.com,Purchase Pack,2,400,18
37de4c76-97bd-42e3-86fe-7261b156c4af,Cindy,Vazquez,,Newspaper journalist,Male,5/6/1950,Married,Asian,82144 Henson Plaza Suite 466,Greensboro,NC,27942,+1-258-594-1962x41760,109.658.6664x6038,994.736.7602x154,terry94@yahoo.com,Purchase Pack,3,600,29
3df16da0-94cd-47f0-91a1-c2775c1a0ace,Karina,Hunter,,Financial manager,Female,10/28/1954,Widowed,Middle Eastern,8403 Omar Place Suite 361,Greensboro,NC,28719,001-594-452-8691x8587,(372)469-9384,+1-282-623-8777x306,jessica96@hotmail.com,Single Game,3,150,28
1425dc90-8d76-4293-acc4-bd81fb994dc7,Kyle,Carter,,Glass blower/designer,Female,2/15/1973,Divorced,Asian,95502 Mary Expressway Suite 754,Fayetteville,NC,28505,001-625-400-2856x5183,9746069109,522.638.4990,gregory07@welch.com,Season Ticket,4,2000,20
de36a0f0-3259-4493-82c0-e0f1479f3daa,Phillip,Singleton,,Waste management officer,Female,1/5/1967,Widowed,Middle Eastern,4391 Johnny Trace,Raleigh,NC,27528,001-781-910-7377x63052,(398)981-1195x69850,(089)052-7211,zrobertson@gmail.com,Parking Pass,2,40,22
1cca26d2-5fbb-4ddc-a5d6-4f5468afe6b0,Lauren,Fleming,,"Psychotherapist, child",Male,6/21/1995,Married,African American,0174 Atkins Causeway,Durham,NC,28449,(298)264-7241x899,(480)436-8527,+1-420-137-6588x5533,meyeramy@livingston.info,Single Game,2,100,27
b09fde7e-97ba-4664-b49c-aab24e90873d,Christina,Clark,,Medical illustrator,Female,11/5/1997,Widowed,Hispanic,35142 Turner Meadow Suite 050,Fayetteville,NC,27871,001-780-842-1689x880,(332)439-6889,870-430-5267x4942,jennifer60@gmail.com,Parking Pass,3,60,121
abc6d8f6-a61c-42b9-b41e-63fa1601ac28,Shannon,Christian,,Toxicologist,Female,2/7/2003,Single,Asian,8127 Thornton Harbors,Raleigh,NC,28776,286-591-8375x5089,568.734.8845x74290,(076)388-4770,mendozadavid@yahoo.com,Purchase Pack,5,1000,5
735a1efa-d8a5-41c2-9329-8cf65184feda,Andrew,Kennedy,,"Programmer, systems",Female,5/6/1949,Single,Asian,28319 Rasmussen Village Apt. 547,Greensboro,NC,27495,001-324-281-6852,(931)628-0105,107.068.6103x7274,samuelhinton@yahoo.com,Single Game,5,250,121
7844a165-bc35-4fb1-9384-6228c5b7014d,Andrew,Kennedy,,"Programmer, systems",Female,5/6/1949,Single,Asian,28319 Rasmussen Village Apt. 547,Greensboro,NC,27495,001-324-281-6852,(931)628-0105,107.068.6103x7274,samuelhinton@yahoo.com,Season Ticket,4,2000,4
5ee6e2cc-7c8a-4467-a98b-e45b7fd57280,David,Hall,,"Therapist, sports",Female,4/25/1996,Widowed,Hispanic,012 Padilla Junctions,Raleigh,NC,27854,323.545.8600,001-583-527-3093x179,(147)672-3934x299,david43@diaz-jones.info,Parking Pass,3,60,19
c9eb4601-a6c7-4886-b736-20fed328be76,Pamela,Singh,,"Scientist, research (maths)",Female,4/7/1958,Widowed,Latino,19970 Sarah Throughway Apt. 946,Raleigh,NC,27366,+1-737-597-2445x515,001-193-424-5955x9098,001-128-914-2781x323,joshuastanton@matthews.com,Purchase Pack,3,600,27
1d0b3dbf-ce57-4f6f-90fc-a778bebd49d9,Robbie,Sexton,,"Scientist, audiological",Female,7/28/1986,Widowed,African American,101 Perez Glens,Charlotte,NC,27403,627-236-3072x1296,430-391-9192x38217,001-762-655-7948,nolanjessica@gmail.com,Single Game,4,200,13
37a9ac9e-802a-435a-9e40-c961cc6dc92b,Kiara,Gonzalez,,Editorial assistant,Male,8/3/1981,Single,Latino,7210 White Island Apt. 916,Raleigh,NC,27934,+1-773-461-0601x01576,+1-610-530-4262x19930,012-402-9891,tracyfrazier@hotmail.com,Single Game,5,250,24
6ac369af-2711-4f80-aa09-40d8c4d63bbd,Carl,Collier,,Building surveyor,Female,11/28/1948,Single,Latino,13950 Kennedy Trail,Durham,NC,28682,+1-907-481-4733x9079,(888)519-8431,652.689.8196x8093,iburgess@hotmail.com,Purchase Pack,1,200,126
2ebd87a2-4602-477e-bd9d-af4de127ee63,Lisa,Martin,,Mechanical engineer,Female,11/11/1952,Widowed,Middle Eastern,700 Harper Mount,Winston-Salem,NC,27184,(376)566-8419,313.292.1448,480-056-5848,christinagilmore@bradley.info,Single Game,4,200,25
1558f274-761f-4f51-be00-712f623adb74,Kathie,Medina,,Purchasing manager,Female,11/29/1985,Married,Latino,25276 Chavez Rapid,Fayetteville,NC,27544,(286)917-9524x613,(426)410-2785x51064,6506629526,kevin47@yahoo.com,Purchase Pack,4,800,111
f0c5f00f-ad02-4e01-a0c5-07f60df220bf,James,Romero,,"Chemist, analytical",Male,10/24/1983,Widowed,Middle Eastern,028 Martin Land,Cary,NC,28335,+1-202-539-0364x8964,(024)512-7352,296-235-4931x933,taylorbecker@rollins.com,Parking Pass,1,20,113
539f170b-40fe-4bcc-9737-d48ed2b5eaf6,James,Romero,,"Chemist, analytical",Male,10/24/1983,Widowed,Middle Eastern,028 Martin Land,Cary,NC,28335,+1-202-539-0364x8964,(024)512-7352,296-235-4931x933,taylorbecker@rollins.com,Parking Pass,4,80,91
d11b2085-6b0e-42da-b218-7183426fc34c,Jesus,Riley,,Counselling psychologist,Male,12/30/1979,Married,Hispanic,755 James Parks,Concord,NC,27544,(380)269-3169,+1-747-032-9884x39672,4395351821,whanson@hotmail.com,Purchase Pack,1,200,14
15a7cbbd-f940-4e16-8590-286f23818f83,Christine,Campbell,,IT consultant,Male,7/8/1993,Divorced,African American,04070 Holt Lane,Wilmington,NC,28536,+1-636-429-1649x8162,274.353.9375,107.287.4457,christina59@crawford-webb.org,Single Game,4,200,21
d7f12ced-9afd-42a2-941d-60656367991c,Mitchell,Williams,,Chiropodist,Male,1/22/1981,Widowed,Caucasian,64710 Katherine Brooks Apt. 966,Concord,NC,28041,+1-443-354-8516x6867,(338)348-7505x16296,001-707-274-1725x7813,jerrydillon@elliott.com,Parking Pass,3,60,6
7e47f777-9b23-4d88-9e8a-cb34bc3bb7a6,Jason,Beasley,,Contractor,Male,6/1/1984,Single,Caucasian,810 Peters Stravenue Apt. 748,High Point,NC,28133,(545)777-3091x30042,575.922.9118x749,4970226778,cynthia49@mills.info,Parking Pass,4,80,27
1770df5d-fb2f-4f84-b57f-481c085ff2a0,Cindy,Mcdonald,,"Surveyor, land/geomatics",Female,10/17/1945,Divorced,Asian,2443 Henderson Road Apt. 654,Raleigh,NC,27633,792-693-9057x9347,(580)102-5524,(879)733-8375,michael63@gmail.com,Parking Pass,4,80,12
952f2de9-51f8-453f-99fa-e4676f825abe,Jesus,Riley,,Legal executive,Male,12/30/1979,Married,Hispanic,755 James Parks,Concord,NC,27544,(380)269-3169,+1-747-032-9884x39672,4395351821,whanson@hotmail.com,Parking Pass,4,80,18
e934dada-a024-43cf-a2c0-18f4b066b7d2,Carl,Collier,,"Therapist, speech and language",Female,11/28/1948,Single,Latino,13950 Kennedy Trail,Durham,NC,28682,+1-907-481-4733x9079,(888)519-8431,652.689.8196x8093,iburgess@hotmail.com,Parking Pass,1,20,123
146b9590-abcf-4856-bd43-12f854bd1046,Lisa,Clark,,Private music teacher,Female,11/26/1968,Married,Hispanic,4881 Luis Tunnel Suite 298,Raleigh,NC,27593,4190762927,+1-764-745-9097x46056,663.227.0711x86125,danny17@mooney.org,Single Game,5,250,26
a448c566-fda6-486f-bef1-1ea62a7a1353,Wendy,Bowen,,"Doctor, general practice",Male,4/16/1963,Single,Caucasian,7098 Dickerson Walks Apt. 414,Cary,NC,28642,(691)860-4694,328-809-0253x221,+1-268-202-0972x6643,lori09@green.com,Parking Pass,2,40,12
86f1f1eb-6bdb-4577-a646-f1a10757a632,Karina,Hunter,,Adult nurse,Female,10/28/1954,Widowed,Middle Eastern,8403 Omar Place Suite 361,Greensboro,NC,28719,001-594-452-8691x8587,(372)469-9384,+1-282-623-8777x306,jessica96@hotmail.com,Parking Pass,5,100,7
97c19ad5-5fdf-4579-96b1-049b423d3613,Adam,Herman,,Medical technical officer,Male,8/5/1982,Divorced,African American,5756 Ware Lodge,Cary,NC,27740,025.702.4198x783,420.369.5641,5317884606,bschmidt@yahoo.com,Purchase Pack,5,1000,25
42386e8a-d609-4fde-b579-1e5f81e4842c,Benjamin,Williamson,,Chief Financial Officer,Female,4/21/1949,Divorced,Latino,0018 Nicole Mills Apt. 148,Wilmington,NC,28671,(162)468-0197,4891521808,323.999.7508,jennifermyers@yahoo.com,Single Game,2,100,12
25ec3d03-393a-47ba-9915-9ad7e4733d05,Emily,White,,"Education officer, museum",Female,8/17/1986,Married,Middle Eastern,7137 Donald Ville,Durham,NC,27315,(369)091-4488,(411)714-1005x2117,476-465-0620x7258,lauren12@taylor.com,Purchase Pack,5,1000,111
bfadba01-d4c6-416e-8139-7e899ea35c1f,Douglas,Tran,,Quarry manager,Male,3/5/1973,Divorced,Middle Eastern,0581 Thomas Rapids,Greensboro,NC,27311,754468892,294.478.8440x61798,450.888.3197,patrick89@smith.net,Parking Pass,2,40,7
acf4e80e-d39d-4548-b6e5-c2800912b738,Jason,Beasley,,"Programme researcher, broadcasting/film/video",Male,6/1/1984,Single,Caucasian,810 Peters Stravenue Apt. 748,High Point,NC,28133,(545)777-3091x30042,575.922.9118x749,4970226778,cynthia49@mills.info,Parking Pass,3,60,123
59e1a9fd-77a6-4784-9aa1-9dd30143b3b4,Heather,Ross,,Therapeutic radiographer,Male,3/18/1995,Married,Hispanic,676 Matthew Road Suite 338,Concord,NC,27455,833.032.1809x687,143.353.6791,+1-557-080-5929x646,jillrobinson@yahoo.com,Season Ticket,4,2000,111
9192395d-b0f9-4650-b084-60d2a69d6958,Henry,Olson,,Barrister,Male,3/11/2001,Married,Asian,479 Howard Tunnel Apt. 468,Durham,NC,28282,(214)635-1848x9501,510-281-8306,001-056-576-0779x8610,wrightjamie@yahoo.com,Purchase Pack,5,1000,8
1800943d-c220-4893-b416-a3d55c990d93,Amy,Dawson,,"Clinical scientist, histocompatibility and immunogenetics",Female,5/18/1994,Married,Asian,689 Robin Square,Charlotte,NC,27036,309695600,-3092,(222)198-9852x538,mark14@hotmail.com,Single Game,4,200,19
0fd74610-e25f-4d07-a473-4afed0376630,Rebecca,Chang,,"Surveyor, minerals",Male,3/20/1963,Single,African American,625 Ramirez Islands,Fayetteville,NC,28544,+1-415-177-3075x65930,001-172-781-7228x8202,784.581.6595x7517,elizabethphillips@davis.org,Single Game,3,150,2
656d4a5d-2a35-4149-8ed5-601ec81be21a,Pamela,Singh,,Pharmacologist,Female,4/7/1958,Widowed,Latino,19970 Sarah Throughway Apt. 946,Raleigh,NC,27366,+1-737-597-2445x515,001-193-424-5955x9098,001-128-914-2781x323,joshuastanton@matthews.com,Purchase Pack,4,800,91
d1db6a3d-6ea3-4731-af8a-527ea0203b1b,Frances,Foster,,Medical laboratory scientific officer,Male,1/31/1952,Widowed,Asian,17097 Nash Streets,Concord,NC,27598,+1-820-345-7884x7335,699.713.1075x321,2505233597,milesmichelle@king.org,Parking Pass,5,100,31
46cd978f-0804-46de-986a-4fccc8d52d81,Emily,White,,Paediatric nurse,Female,8/17/1986,Married,Middle Eastern,7137 Donald Ville,Durham,NC,27315,(369)091-4488,(411)714-1005x2117,476-465-0620x7258,lauren12@taylor.com,Purchase Pack,1,200,12
4f6e8a34-e273-4c9f-ac8c-dfdc5fb59c42,Luis,Alexander,,Special effects artist,Male,11/11/1980,Widowed,Caucasian,2774 Donald Unions,Fayetteville,NC,28635,(911)445-8858,9335246589,422.184.6045x0909,reedstephanie@wright-torres.com,Parking Pass,1,20,5
3e8a5428-593b-4713-b2e5-4aeee9fbb449,Stephanie,Wright,,Technical author,Male,7/31/2006,Widowed,Asian,73125 Crosby Spurs Suite 050,Charlotte,NC,28103,001-026-633-7135,001-194-522-0502x90920,001-755-533-3984x624,zfleming@hotmail.com,Purchase Pack,1,200,23
56186176-f2c9-4bb6-aa6a-f1abcc9657f5,Matthew,Norton,,Jewellery designer,Male,6/2/1968,Married,Latino,2995 Fuller Ports Apt. 604,Wilmington,NC,28770,300-729-2791,(610)584-9458,(343)686-9076x8182,tina50@hotmail.com,Parking Pass,2,40,31
ba538d4a-6c6b-4175-b8c0-5334a55ac7e3,Pat,Braun,Jr.,Food technologist,Male,6/22/1992,Married,African American,80441 Waters Land,Durham,NC,27611,215.212.1566,001-929-562-3520x35586,001-194-731-5611x8664,tarabarber@dominguez.com,Purchase Pack,1,200,18
3909b635-e591-4d22-88c6-00a3f32da314,Chris,Ashley,,Sub,Male,10/4/1985,Married,Hispanic,34870 Donna Mountains,Fayetteville,NC,28317,001-756-430-4316x478,175-534-8217x15488,001-586-762-3217x0533,carly61@gmail.com,Single Game,1,50,2
db71ec73-05b7-4590-b250-5f6689373c60,Eric,Lang,Jr.,Outdoor activities/education manager,Male,10/24/1993,Single,Latino,725 Phelps Centers,Raleigh,NC,27585,+1-501-098-3276x23613,(911)287-1791x989,+1-692-979-0404x46076,dominiqueanderson@grant.com,Season Ticket,2,1000,21
bd4b0754-5ba6-466c-ac79-fed243798fdb,Angela,Brooks,,Hospital pharmacist,Female,8/16/1997,Single,African American,7641 Joseph Flats,Fayetteville,NC,28298,691-530-2580,(421)731-0989x5573,(399)134-0056,alexandra95@hotmail.com,Parking Pass,5,100,22
d946dd8c-035d-48d7-942a-107ccf8d1e68,Angela,Brooks,,Hospital pharmacist,Female,8/16/1997,Single,African American,7641 Joseph Flats,Fayetteville,NC,28298,691-530-2580,(421)731-0989x5573,(399)134-0056,alexandra95@hotmail.com,Single Game,5,250,17
736d4655-ce25-4fc0-96a5-5b0cdfebaf2f,Adrienne,Adams,Jr.,Licensed conveyancer,Male,10/3/1954,Widowed,Middle Eastern,662 Morales Stream Apt. 764,Greensboro,NC,27922,323-460-8694,6842223722,(156)279-1166x37855,andersondawn@yahoo.com,Single Game,4,200,5
0f45a4e6-0523-4cad-9281-b04db45fd81c,Megan,Dixon,,Public affairs consultant,Female,1/5/1958,Widowed,Latino,21741 Gilbert Lock,Raleigh,NC,27474,+1-044-413-8963x348,525.704.8368x74981,(489)812-2086,melissagreen@gmail.com,Parking Pass,5,100,30
1e817daa-9445-4a4f-a989-bdebd323223a,Henry,Olson,,Meteorologist,Male,3/11/2001,Married,Asian,479 Howard Tunnel Apt. 468,Durham,NC,28282,(214)635-1848x9501,510-281-8306,001-056-576-0779x8610,wrightjamie@yahoo.com,Parking Pass,3,60,14
359207eb-d6cd-4ee1-8fd0-b5cdfb67ce90,Dennis,Hicks,,Trade union research officer,Female,11/16/1981,Married,Latino,106 Sullivan Spur,High Point,NC,28332,466-440-1092x77661,392.933.5698,+1-128-287-3926x1784,aguilarshaun@whitaker.biz,Season Ticket,2,1000,15
0ccb7b5e-5572-4df0-a94e-bc4bc4eb5ee9,Dennis,Hicks,,Trade union research officer,Female,11/16/1981,Married,Latino,106 Sullivan Spur,High Point,NC,28332,466-440-1092x77661,392.933.5698,+1-128-287-3926x1784,aguilarshaun@whitaker.biz,Season Ticket,5,2500,23
3424dda9-b934-4cfc-a486-23d36521a969,Wendy,Bowen,,Insurance risk surveyor,Male,4/16/1963,Single,Caucasian,7098 Dickerson Walks Apt. 414,Cary,NC,28642,(691)860-4694,328-809-0253x221,+1-268-202-0972x6643,lori09@green.com,Purchase Pack,2,400,24
19435833-9537-4a21-80ec-428e2a4058a6,Sherry,Powers,,"Therapist, nutritional",Female,3/24/1974,Divorced,Latino,4306 Tara Prairie Suite 379,Charlotte,NC,28794,911-321-5827x97549,+1-879-815-6876x5458,992.165.2092,angela14@yahoo.com,Single Game,5,250,10
a7cb97a7-71ee-4fd5-8617-1e0f66c27688,Dennis,Hicks,,"Education officer, community",Female,11/16/1981,Married,Latino,106 Sullivan Spur,High Point,NC,28332,466-440-1092x77661,392.933.5698,+1-128-287-3926x1784,aguilarshaun@whitaker.biz,Parking Pass,1,20,22
026de731-a8fb-439f-8d69-c773884ebc63,Andrew,Kennedy,,"Administrator, local government",Female,5/6/1949,Single,Asian,28319 Rasmussen Village Apt. 547,Greensboro,NC,27495,001-324-281-6852,(931)628-0105,107.068.6103x7274,samuelhinton@yahoo.com,Single Game,3,150,91
d4628522-eef0-46e8-87c9-3c9a013bee8a,Luis,Alexander,,Exercise physiologist,Male,11/11/1980,Widowed,Caucasian,2774 Donald Unions,Fayetteville,NC,28635,(911)445-8858,9335246589,422.184.6045x0909,reedstephanie@wright-torres.com,Single Game,2,100,2
6fc7b052-c4da-4f86-a6be-0db9b478dc11,Chris,Bryant,,Waste management officer,Male,5/16/1990,Widowed,African American,78707 Lisa Keys,Fayetteville,NC,28857,(540)954-7397x05204,353-727-8350,181.875.7013,thomasgarza@carson-hunter.com,Single Game,3,150,5
b47397e6-b9c4-4923-85a5-3e28a5eee49d,Shannon,Christian,,Colour technologist,Female,2/7/2003,Single,Asian,8127 Thornton Harbors,Raleigh,NC,28776,286-591-8375x5089,568.734.8845x74290,(076)388-4770,mendozadavid@yahoo.com,Purchase Pack,4,800,27
40cf2bb5-1238-4df4-b096-33012254fd74,Eric,Lang,,Art gallery manager,Male,10/24/1993,Single,Latino,725 Phelps Centers,Raleigh,NC,27585,+1-501-098-3276x23613,(911)287-1791x989,+1-692-979-0404x46076,dominiqueanderson@grant.com,Parking Pass,1,20,126
8ca2ecc6-fdf9-4f7f-b4a4-46a092deae03,Pamela,Singh,,"Engineer, maintenance",Female,4/7/1958,Widowed,Latino,19970 Sarah Throughway Apt. 946,Raleigh,NC,27366,+1-737-597-2445x515,001-193-424-5955x9098,001-128-914-2781x323,joshuastanton@matthews.com,Parking Pass,3,60,24
43b8df9c-2f89-470d-9d07-a43f71002e00,Kathy,Curry,,"Chemist, analytical",Male,8/24/1998,Single,Latino,4165 Benjamin Forks,Charlotte,NC,27601,(839)586-3305x5969,(729)203-2038x094,(859)769-7827x2975,kimberly80@yahoo.com,Parking Pass,5,100,6
e051663a-f185-4e6d-8580-fd3daefaa78a,Douglas,Tran,,Commissioning editor,Male,3/5/1973,Divorced,Middle Eastern,0581 Thomas Rapids,Greensboro,NC,27311,754468892,294.478.8440x61798,450.888.3197,patrick89@smith.net,Single Game,5,250,27
55624215-1668-4fa3-abf0-dc100612c8d4,Victor,Quinn,,Sports development officer,Male,2/15/2006,Married,Caucasian,348 Daniel Plains,Wilmington,NC,27196,783-452-9786,849-522-1429,001-019-204-7389x1260,kendra52@yahoo.com,Purchase Pack,3,600,15
25c13e4e-c7d0-448d-88fc-91797ff471cd,Victor,Quinn,,Sports development officer,Male,2/15/2006,Married,Caucasian,348 Daniel Plains,Wilmington,NC,27196,783-452-9786,849-522-1429,001-019-204-7389x1260,kendra52@yahoo.com,Parking Pass,5,100,7
e67587fb-acdc-4a18-a8a6-50c32b22920f,Shannon,Christian,,Psychiatrist,Female,2/7/2003,Single,Asian,8127 Thornton Harbors,Raleigh,NC,28776,286-591-8375x5089,568.734.8845x74290,(076)388-4770,mendozadavid@yahoo.com,Parking Pass,1,20,26
c18ab6db-4075-446e-96a4-9ce7ddfcb3c5,Shannon,Christian,,Psychiatrist,Female,2/7/2003,Single,Asian,8127 Thornton Harbors,Raleigh,NC,28776,286-591-8375x5089,568.734.8845x74290,(076)388-4770,mendozadavid@yahoo.com,Purchase Pack,2,400,15
3c20fb0e-2ee3-4cdc-afdf-34592ad93434,Jon,Moore,,Therapeutic radiographer,Female,5/13/1962,Widowed,Middle Eastern,44381 Jerry Way,Greensboro,NC,27092,9294850573,001-637-134-7396x22061,+1-360-247-0990x40475,edwardreed@myers-conley.org,Purchase Pack,5,1000,113
14ceee9e-d5d1-4a2b-baa9-15dd4209c2ea,Wendy,Bowen,,Health service manager,Male,4/16/1963,Single,Caucasian,7098 Dickerson Walks Apt. 414,Cary,NC,28642,(691)860-4694,328-809-0253x221,+1-268-202-0972x6643,lori09@green.com,Single Game,4,200,17
2d3e9176-3577-42a1-bc43-a017257d4892,Dennis,Hicks,,"Biochemist, clinical",Female,11/16/1981,Married,Latino,106 Sullivan Spur,High Point,NC,28332,466-440-1092x77661,392.933.5698,+1-128-287-3926x1784,aguilarshaun@whitaker.biz,Purchase Pack,2,400,111
9beacc55-a194-470a-8b97-1ac60ef86c7a,Robert,Sexton,,Tax adviser,Female,7/28/1986,Widowed,African American,101 Perez Glens,Charlotte,NC,27403,627-236-3072x1296,430-391-9192x38217,001-762-655-7948,nolanjessica@gmail.com,Single Game,3,150,10
863c09b2-a958-4b1f-86df-44d8779c4fab,Kimberly,Holt,,Control and instrumentation engineer,Female,1/17/2003,Married,Latino,90525 Simpson Prairie Apt. 973,Raleigh,NC,28542,001-182-962-5027,(952)915-6082x81591,001-882-835-8087x205,calebcannon@hotmail.com,Parking Pass,5,100,2
5dcc138b-4697-4b25-8bda-4c9e6313521f,Natalie,Guerra,,Operational researcher,Female,5/5/1994,Married,Asian,3688 Benjamin Roads,Cary,NC,27973,(930)802-3339x20088,(883)237-1930x701,645.097.6804x327,rallen@yahoo.com,Season Ticket,1,500,12
cc2a0553-73ca-49e4-b324-90633790cb25,Kiara,Gonzalez,,Broadcast presenter,Male,8/3/1981,Single,Latino,7210 White Island Apt. 916,Raleigh,NC,27934,+1-773-461-0601x01576,+1-610-530-4262x19930,012-402-9891,tracyfrazier@hotmail.com,Season Ticket,2,1000,9
c1bf8dee-b907-4342-89e1-3f150f53069b,Christina,Clark,,Sales promotion account executive,Female,11/5/1997,Widowed,Hispanic,35142 Turner Meadow Suite 050,Fayetteville,NC,27871,001-780-842-1689x880,(332)439-6889,870-430-5267x4942,jennifer60@gmail.com,Purchase Pack,4,800,29
99587826-92ac-4e97-90c7-a7155ccb5e35,Luis,Alexander,,"Programmer, applications",Male,11/11/1980,Widowed,Caucasian,2774 Donald Unions,Fayetteville,NC,28635,(911)445-8858,9335246589,422.184.6045x0909,reedstephanie@wright-torres.com,Purchase Pack,4,800,14
86c74fc8-42e7-4f84-9223-aa78fca9757e,Kathy,Curry,,Clinical psychologist,Male,8/24/1998,Single,Latino,4165 Benjamin Forks,Charlotte,NC,27601,(839)586-3305x5969,(729)203-2038x094,(859)769-7827x2975,kimberly80@yahoo.com,Purchase Pack,3,600,12
50facab9-ef2a-4154-ad3f-e15992ff3b56,Sherry,Powers,,"Engineer, mining",Female,3/24/1974,Divorced,Latino,4306 Tara Prairie Suite 379,Charlotte,NC,28794,911-321-5827x97549,+1-879-815-6876x5458,992.165.2092,angela14@yahoo.com,Season Ticket,5,2500,28
183fbfec-d330-491e-a4bd-ed89206af4e6,Ryan,Jackson,,Local government officer,Female,7/2/1979,Single,Caucasian,692 Reyes Tunnel,Charlotte,NC,28622,(780)931-4162x2640,571.672.2371,565.919.2175x015,stephaniecallahan@cherry-wright.com,Purchase Pack,3,600,7
9c54d848-4016-4e29-8a98-216603551406,Adam,Roman,,Emergency planning/management officer,Female,9/21/2005,Married,Middle Eastern,780 Christina Well Suite 791,Raleigh,NC,27208,001-245-012-2755x972,001-950-997-3993,(492)507-0910x71300,jonesmary@hayden.org,Single Game,3,150,12
af8098c3-2c83-47d3-b36e-7816cc4817c8,Megan,Johnson,,Product designer,Female,3/19/1954,Divorced,Middle Eastern,785 Joe Corner,Wilmington,NC,28398,630-437-0282,001-567-045-7137,681.348.4281x6294,thenry@jarvis-camacho.com,Purchase Pack,1,200,18
87e1455a-1acd-4692-b069-a43c4f1f4df5,Veronica,James,,Television camera operator,Female,7/4/1981,Single,Asian,8021 George Oval,Fayetteville,NC,27884,249-284-5928x422,(667)383-2484,685-542-3672x1375,vanessa71@fisher-parker.com,Single Game,2,100,117
6242e1d5-1a85-4743-b7a4-9e858a66e484,Natalie,Guerra,Sr.,Applications developer,Female,5/5/1994,Married,Asian,3688 Benjamin Roads,Cary,NC,27973,(930)802-3339x20088,(883)237-1930x701,645.097.6804x327,rallen@yahoo.com,Parking Pass,2,40,30
