{
  "data_asset_type": null,
  "expectation_suite_name": "Merchandise_Rules",
  "expectations": [
    {
      "expectation_type": "expect_table_row_count_to_be_between",
      "kwargs": {
        "max_value": 110,
        "min_value": 110
      },
      "meta": {
        "profiler_details": {
          "metric_configuration": {
            "domain_kwargs": {},
            "metric_name": "table.row_count",
            "metric_value_kwargs": null
          },
          "num_batches": 1
        }
      }
    },
    {
      "expectation_type": "expect_table_columns_to_match_set",
      "kwargs": {
        "column_set": [
          "Size",
          "Name",
          "Item_Gender",
          "Item",
          "Quantity",
          "Phone",
          "Transaction_ID",
          "Price",
          "Email",
          "Address"
        ],
        "exact_match": null
      },
      "meta": {
        "profiler_details": {
          "success_ratio": 1.0
        }
      }
    },
    {
      "expectation_type": "expect_column_values_to_not_be_null",
      "kwargs": {
        "column": "Name"
      },
      "meta": {
        "profiler_details": {
          "metric_configuration": {
            "domain_kwargs": {
              "column": "Name"
            },
            "metric_name": "column_values.nonnull.unexpected_count",
            "metric_value_kwargs": null
          },
          "num_batches": 1
        }
      }
    },
    {
      "expectation_type": "expect_column_values_to_not_be_null",
      "kwargs": {
        "column": "Address"
      },
      "meta": {
        "profiler_details": {
          "metric_configuration": {
            "domain_kwargs": {
              "column": "Address"
            },
            "metric_name": "column_values.nonnull.unexpected_count",
            "metric_value_kwargs": null
          },
          "num_batches": 1
        }
      }
    },
    {
      "expectation_type": "expect_column_values_to_not_be_null",
      "kwargs": {
        "column": "Email"
      },
      "meta": {
        "profiler_details": {
          "metric_configuration": {
            "domain_kwargs": {
              "column": "Email"
            },
            "metric_name": "column_values.nonnull.unexpected_count",
            "metric_value_kwargs": null
          },
          "num_batches": 1
        }
      }
    },
    {
      "expectation_type": "expect_column_values_to_not_be_null",
      "kwargs": {
        "column": "Item"
      },
      "meta": {
        "profiler_details": {
          "metric_configuration": {
            "domain_kwargs": {
              "column": "Item"
            },
            "metric_name": "column_values.nonnull.unexpected_count",
            "metric_value_kwargs": null
          },
          "num_batches": 1
        }
      }
    },
    {
      "expectation_type": "expect_column_values_to_not_be_null",
      "kwargs": {
        "column": "Size"
      },
      "meta": {
        "profiler_details": {
          "metric_configuration": {
            "domain_kwargs": {
              "column": "Size"
            },
            "metric_name": "column_values.nonnull.unexpected_count",
            "metric_value_kwargs": null
          },
          "num_batches": 1
        }
      }
    },
    {
      "expectation_type": "expect_column_values_to_not_be_null",
      "kwargs": {
        "column": "Item_Gender"
      },
      "meta": {
        "profiler_details": {
          "metric_configuration": {
            "domain_kwargs": {
              "column": "Item_Gender"
            },
            "metric_name": "column_values.nonnull.unexpected_count",
            "metric_value_kwargs": null
          },
          "num_batches": 1
        }
      }
    },
    {
      "expectation_type": "expect_column_values_to_not_be_null",
      "kwargs": {
        "column": "Price"
      },
      "meta": {
        "profiler_details": {
          "metric_configuration": {
            "domain_kwargs": {
              "column": "Price"
            },
            "metric_name": "column_values.nonnull.unexpected_count",
            "metric_value_kwargs": null
          },
          "num_batches": 1
        }
      }
    },
    {
      "expectation_type": "expect_column_values_to_not_be_null",
      "kwargs": {
        "column": "Quantity"
      },
      "meta": {
        "profiler_details": {
          "metric_configuration": {
            "domain_kwargs": {
              "column": "Quantity"
            },
            "metric_name": "column_values.nonnull.unexpected_count",
            "metric_value_kwargs": null
          },
          "num_batches": 1
        }
      }
    },
    {
      "expectation_type": "expect_column_min_to_be_between",
      "kwargs": {
        "column": "Price",
        "max_value": 15.0,
        "min_value": 15.0,
        "strict_max": false,
        "strict_min": false
      },
      "meta": {
        "profiler_details": {
          "metric_configuration": {
            "domain_kwargs": {
              "column": "Price"
            },
            "metric_name": "column.min",
            "metric_value_kwargs": null
          },
          "num_batches": 1
        }
      }
    },
    {
      "expectation_type": "expect_column_max_to_be_between",
      "kwargs": {
        "column": "Price",
        "max_value": 75.0,
        "min_value": 75.0,
        "strict_max": false,
        "strict_min": false
      },
      "meta": {
        "profiler_details": {
          "metric_configuration": {
            "domain_kwargs": {
              "column": "Price"
            },
            "metric_name": "column.max",
            "metric_value_kwargs": null
          },
          "num_batches": 1
        }
      }
    },
    {
      "expectation_type": "expect_column_values_to_be_between",
      "kwargs": {
        "column": "Price",
        "max_value": 75.0,
        "min_value": 15.0,
        "mostly": 1.0,
        "strict_max": false,
        "strict_min": false
      },
      "meta": {
        "profiler_details": {
          "column_max_values_range_estimator": {
            "metric_configuration": {
              "domain_kwargs": {
                "column": "Price"
              },
              "metric_name": "column.max",
              "metric_value_kwargs": null
            },
            "num_batches": 1
          },
          "column_min_values_range_estimator": {
            "metric_configuration": {
              "domain_kwargs": {
                "column": "Price"
              },
              "metric_name": "column.min",
              "metric_value_kwargs": null
            },
            "num_batches": 1
          }
        }
      }
    },
    {
      "expectation_type": "expect_column_quantile_values_to_be_between",
      "kwargs": {
        "allow_relative_error": false,
        "column": "Price",
        "quantile_ranges": {
          "quantiles": [
            0.25,
            0.5,
            0.75
          ],
          "value_ranges": [
            [
              20.0,
              20.0
            ],
            [
              25.0,
              25.0
            ],
            [
              40.0,
              40.0
            ]
          ]
        }
      },
      "meta": {
        "profiler_details": {
          "metric_configuration": {
            "domain_kwargs": {
              "column": "Price"
            },
            "metric_name": "column.quantile_values",
            "metric_value_kwargs": {
              "allow_relative_error": false,
              "quantiles": [
                0.25,
                0.5,
                0.75
              ]
            }
          },
          "num_batches": 1
        }
      }
    },
    {
      "expectation_type": "expect_column_median_to_be_between",
      "kwargs": {
        "column": "Price",
        "max_value": 25.0,
        "min_value": 25.0,
        "strict_max": false,
        "strict_min": false
      },
      "meta": {
        "profiler_details": {
          "metric_configuration": {
            "domain_kwargs": {
              "column": "Price"
            },
            "metric_name": "column.median",
            "metric_value_kwargs": null
          },
          "num_batches": 1
        }
      }
    },
    {
      "expectation_type": "expect_column_mean_to_be_between",
      "kwargs": {
        "column": "Price",
        "max_value": 28.545454545454547,
        "min_value": 28.545454545454547,
        "strict_max": false,
        "strict_min": false
      },
      "meta": {
        "profiler_details": {
          "metric_configuration": {
            "domain_kwargs": {
              "column": "Price"
            },
            "metric_name": "column.mean",
            "metric_value_kwargs": null
          },
          "num_batches": 1
        }
      }
    },
    {
      "expectation_type": "expect_column_stdev_to_be_between",
      "kwargs": {
        "column": "Price",
        "max_value": 13.449624914545073,
        "min_value": 13.449624914545073,
        "strict_max": false,
        "strict_min": false
      },
      "meta": {
        "profiler_details": {
          "metric_configuration": {
            "domain_kwargs": {
              "column": "Price"
            },
            "metric_name": "column.standard_deviation",
            "metric_value_kwargs": null
          },
          "num_batches": 1
        }
      }
    },
    {
      "expectation_type": "expect_column_min_to_be_between",
      "kwargs": {
        "column": "Quantity",
        "max_value": 1.0,
        "min_value": 1.0,
        "strict_max": false,
        "strict_min": false
      },
      "meta": {
        "profiler_details": {
          "metric_configuration": {
            "domain_kwargs": {
              "column": "Quantity"
            },
            "metric_name": "column.min",
            "metric_value_kwargs": null
          },
          "num_batches": 1
        }
      }
    },
    {
      "expectation_type": "expect_column_max_to_be_between",
      "kwargs": {
        "column": "Quantity",
        "max_value": 5.0,
        "min_value": 5.0,
        "strict_max": false,
        "strict_min": false
      },
      "meta": {
        "profiler_details": {
          "metric_configuration": {
            "domain_kwargs": {
              "column": "Quantity"
            },
            "metric_name": "column.max",
            "metric_value_kwargs": null
          },
          "num_batches": 1
        }
      }
    },
    {
      "expectation_type": "expect_column_values_to_be_between",
      "kwargs": {
        "column": "Quantity",
        "max_value": 5.0,
        "min_value": 1.0,
        "mostly": 1.0,
        "strict_max": false,
        "strict_min": false
      },
      "meta": {
        "profiler_details": {
          "column_max_values_range_estimator": {
            "metric_configuration": {
              "domain_kwargs": {
                "column": "Quantity"
              },
              "metric_name": "column.max",
              "metric_value_kwargs": null
            },
            "num_batches": 1
          },
          "column_min_values_range_estimator": {
            "metric_configuration": {
              "domain_kwargs": {
                "column": "Quantity"
              },
              "metric_name": "column.min",
              "metric_value_kwargs": null
            },
            "num_batches": 1
          }
        }
      }
    },
    {
      "expectation_type": "expect_column_quantile_values_to_be_between",
      "kwargs": {
        "allow_relative_error": false,
        "column": "Quantity",
        "quantile_ranges": {
          "quantiles": [
            0.25,
            0.5,
            0.75
          ],
          "value_ranges": [
            [
              2.0,
              2.0
            ],
            [
              3.0,
              3.0
            ],
            [
              4.0,
              4.0
            ]
          ]
        }
      },
      "meta": {
        "profiler_details": {
          "metric_configuration": {
            "domain_kwargs": {
              "column": "Quantity"
            },
            "metric_name": "column.quantile_values",
            "metric_value_kwargs": {
              "allow_relative_error": false,
              "quantiles": [
                0.25,
                0.5,
                0.75
              ]
            }
          },
          "num_batches": 1
        }
      }
    },
    {
      "expectation_type": "expect_column_median_to_be_between",
      "kwargs": {
        "column": "Quantity",
        "max_value": 3.0,
        "min_value": 3.0,
        "strict_max": false,
        "strict_min": false
      },
      "meta": {
        "profiler_details": {
          "metric_configuration": {
            "domain_kwargs": {
              "column": "Quantity"
            },
            "metric_name": "column.median",
            "metric_value_kwargs": null
          },
          "num_batches": 1
        }
      }
    },
    {
      "expectation_type": "expect_column_mean_to_be_between",
      "kwargs": {
        "column": "Quantity",
        "max_value": 2.981818181818182,
        "min_value": 2.981818181818182,
        "strict_max": false,
        "strict_min": false
      },
      "meta": {
        "profiler_details": {
          "metric_configuration": {
            "domain_kwargs": {
              "column": "Quantity"
            },
            "metric_name": "column.mean",
            "metric_value_kwargs": null
          },
          "num_batches": 1
        }
      }
    },
    {
      "expectation_type": "expect_column_stdev_to_be_between",
      "kwargs": {
        "column": "Quantity",
        "max_value": 1.471327293071162,
        "min_value": 1.471327293071162,
        "strict_max": false,
        "strict_min": false
      },
      "meta": {
        "profiler_details": {
          "metric_configuration": {
            "domain_kwargs": {
              "column": "Quantity"
            },
            "metric_name": "column.standard_deviation",
            "metric_value_kwargs": null
          },
          "num_batches": 1
        }
      }
    },
    {
      "expectation_type": "expect_column_value_lengths_to_be_between",
      "kwargs": {
        "column": "Name",
        "max_value": 18,
        "min_value": 8,
        "mostly": 1.0,
        "strict_max": false,
        "strict_min": false
      },
      "meta": {
        "profiler_details": {
          "column_max_length_range_estimator": {
            "metric_configuration": {
              "domain_kwargs": {
                "column": "Name"
              },
              "metric_name": "column_values.length.max",
              "metric_value_kwargs": null
            },
            "num_batches": 1
          },
          "column_min_length_range_estimator": {
            "metric_configuration": {
              "domain_kwargs": {
                "column": "Name"
              },
              "metric_name": "column_values.length.min",
              "metric_value_kwargs": null
            },
            "num_batches": 1
          }
        }
      }
    },
    {
      "expectation_type": "expect_column_values_to_match_regex",
      "kwargs": {
        "column": "Name",
        "mostly": 1.0,
        "regex": "[A-Za-z0-9\\.,;:!?()\\\"'%\\-]+"
      },
      "meta": {
        "profiler_details": {
          "evaluated_regexes": {
            "(?:25[0-5]|2[0-4]\\d|[01]\\d{2}|\\d{1,2})(?:.(?:25[0-5]|2[0-4]\\d|[01]\\d{2}|\\d{1,2})){3}": 0.0,
            "-?\\d+": 0.0,
            "-?\\d+(?:\\.\\d*)?": 0.0,
            "<\\/?(?:p|a|b|img)(?: \\/)?>": 0.0,
            "[A-Za-z0-9\\.,;:!?()\\\"'%\\-]+": 1.0,
            "\\b[0-9a-fA-F]{8}\\b-[0-9a-fA-F]{4}-[0-5][0-9a-fA-F]{3}-[089ab][0-9a-fA-F]{3}-\\b[0-9a-fA-F]{12}\\b ": 0.0,
            "\\d+": 0.0,
            "\\s+$": 0.0,
            "^\\s+": 0.0,
            "https?:\\/\\/(?:www\\.)?[-a-zA-Z0-9@:%._\\+~#=]{2,255}\\.[a-z]{2,6}\\b(?:[-a-zA-Z0-9@:%_\\+.~#()?&//=]*)": 0.0
          },
          "success_ratio": 1.0
        }
      }
    },
    {
      "expectation_type": "expect_column_value_lengths_to_be_between",
      "kwargs": {
        "column": "Address",
        "max_value": 54,
        "min_value": 30,
        "mostly": 1.0,
        "strict_max": false,
        "strict_min": false
      },
      "meta": {
        "profiler_details": {
          "column_max_length_range_estimator": {
            "metric_configuration": {
              "domain_kwargs": {
                "column": "Address"
              },
              "metric_name": "column_values.length.max",
              "metric_value_kwargs": null
            },
            "num_batches": 1
          },
          "column_min_length_range_estimator": {
            "metric_configuration": {
              "domain_kwargs": {
                "column": "Address"
              },
              "metric_name": "column_values.length.min",
              "metric_value_kwargs": null
            },
            "num_batches": 1
          }
        }
      }
    },
    {
      "expectation_type": "expect_column_values_to_match_regex",
      "kwargs": {
        "column": "Address",
        "mostly": 1.0,
        "regex": "\\d+"
      },
      "meta": {
        "profiler_details": {
          "evaluated_regexes": {
            "(?:25[0-5]|2[0-4]\\d|[01]\\d{2}|\\d{1,2})(?:.(?:25[0-5]|2[0-4]\\d|[01]\\d{2}|\\d{1,2})){3}": 0.0,
            "-?\\d+": 1.0,
            "-?\\d+(?:\\.\\d*)?": 1.0,
            "<\\/?(?:p|a|b|img)(?: \\/)?>": 0.0,
            "[A-Za-z0-9\\.,;:!?()\\\"'%\\-]+": 1.0,
            "\\b[0-9a-fA-F]{8}\\b-[0-9a-fA-F]{4}-[0-5][0-9a-fA-F]{3}-[089ab][0-9a-fA-F]{3}-\\b[0-9a-fA-F]{12}\\b ": 0.0,
            "\\d+": 1.0,
            "\\s+$": 0.0,
            "^\\s+": 0.0,
            "https?:\\/\\/(?:www\\.)?[-a-zA-Z0-9@:%._\\+~#=]{2,255}\\.[a-z]{2,6}\\b(?:[-a-zA-Z0-9@:%_\\+.~#()?&//=]*)": 0.0
          },
          "success_ratio": 1.0
        }
      }
    },
    {
      "expectation_type": "expect_column_value_lengths_to_be_between",
      "kwargs": {
        "column": "Phone",
        "max_value": 21,
        "min_value": 9,
        "mostly": 1.0,
        "strict_max": false,
        "strict_min": false
      },
      "meta": {
        "profiler_details": {
          "column_max_length_range_estimator": {
            "metric_configuration": {
              "domain_kwargs": {
                "column": "Phone"
              },
              "metric_name": "column_values.length.max",
              "metric_value_kwargs": null
            },
            "num_batches": 1
          },
          "column_min_length_range_estimator": {
            "metric_configuration": {
              "domain_kwargs": {
                "column": "Phone"
              },
              "metric_name": "column_values.length.min",
              "metric_value_kwargs": null
            },
            "num_batches": 1
          }
        }
      }
    },
    {
      "expectation_type": "expect_column_values_to_match_regex",
      "kwargs": {
        "column": "Phone",
        "mostly": 1.0,
        "regex": "\\d+"
      },
      "meta": {
        "profiler_details": {
          "evaluated_regexes": {
            "(?:25[0-5]|2[0-4]\\d|[01]\\d{2}|\\d{1,2})(?:.(?:25[0-5]|2[0-4]\\d|[01]\\d{2}|\\d{1,2})){3}": 1.0,
            "-?\\d+": 1.0,
            "-?\\d+(?:\\.\\d*)?": 1.0,
            "<\\/?(?:p|a|b|img)(?: \\/)?>": 0.0,
            "[A-Za-z0-9\\.,;:!?()\\\"'%\\-]+": 1.0,
            "\\b[0-9a-fA-F]{8}\\b-[0-9a-fA-F]{4}-[0-5][0-9a-fA-F]{3}-[089ab][0-9a-fA-F]{3}-\\b[0-9a-fA-F]{12}\\b ": 0.0,
            "\\d+": 1.0,
            "\\s+$": 0.0,
            "^\\s+": 0.0,
            "https?:\\/\\/(?:www\\.)?[-a-zA-Z0-9@:%._\\+~#=]{2,255}\\.[a-z]{2,6}\\b(?:[-a-zA-Z0-9@:%_\\+.~#()?&//=]*)": 0.0
          },
          "success_ratio": 1.0
        }
      }
    },
    {
      "expectation_type": "expect_column_value_lengths_to_be_between",
      "kwargs": {
        "column": "Email",
        "max_value": 29,
        "min_value": 15,
        "mostly": 1.0,
        "strict_max": false,
        "strict_min": false
      },
      "meta": {
        "profiler_details": {
          "column_max_length_range_estimator": {
            "metric_configuration": {
              "domain_kwargs": {
                "column": "Email"
              },
              "metric_name": "column_values.length.max",
              "metric_value_kwargs": null
            },
            "num_batches": 1
          },
          "column_min_length_range_estimator": {
            "metric_configuration": {
              "domain_kwargs": {
                "column": "Email"
              },
              "metric_name": "column_values.length.min",
              "metric_value_kwargs": null
            },
            "num_batches": 1
          }
        }
      }
    },
    {
      "expectation_type": "expect_column_values_to_match_regex",
      "kwargs": {
        "column": "Email",
        "mostly": 1.0,
        "regex": "[A-Za-z0-9\\.,;:!?()\\\"'%\\-]+"
      },
      "meta": {
        "profiler_details": {
          "evaluated_regexes": {
            "(?:25[0-5]|2[0-4]\\d|[01]\\d{2}|\\d{1,2})(?:.(?:25[0-5]|2[0-4]\\d|[01]\\d{2}|\\d{1,2})){3}": 0.0,
            "-?\\d+": 0.35454545454545455,
            "-?\\d+(?:\\.\\d*)?": 0.35454545454545455,
            "<\\/?(?:p|a|b|img)(?: \\/)?>": 0.0,
            "[A-Za-z0-9\\.,;:!?()\\\"'%\\-]+": 1.0,
            "\\b[0-9a-fA-F]{8}\\b-[0-9a-fA-F]{4}-[0-5][0-9a-fA-F]{3}-[089ab][0-9a-fA-F]{3}-\\b[0-9a-fA-F]{12}\\b ": 0.0,
            "\\d+": 0.35454545454545455,
            "\\s+$": 0.0,
            "^\\s+": 0.0,
            "https?:\\/\\/(?:www\\.)?[-a-zA-Z0-9@:%._\\+~#=]{2,255}\\.[a-z]{2,6}\\b(?:[-a-zA-Z0-9@:%_\\+.~#()?&//=]*)": 0.0
          },
          "success_ratio": 1.0
        }
      }
    },
    {
      "expectation_type": "expect_column_value_lengths_to_be_between",
      "kwargs": {
        "column": "Item",
        "max_value": 7,
        "min_value": 3,
        "mostly": 1.0,
        "strict_max": false,
        "strict_min": false
      },
      "meta": {
        "profiler_details": {
          "column_max_length_range_estimator": {
            "metric_configuration": {
              "domain_kwargs": {
                "column": "Item"
              },
              "metric_name": "column_values.length.max",
              "metric_value_kwargs": null
            },
            "num_batches": 1
          },
          "column_min_length_range_estimator": {
            "metric_configuration": {
              "domain_kwargs": {
                "column": "Item"
              },
              "metric_name": "column_values.length.min",
              "metric_value_kwargs": null
            },
            "num_batches": 1
          }
        }
      }
    },
    {
      "expectation_type": "expect_column_values_to_match_regex",
      "kwargs": {
        "column": "Item",
        "mostly": 1.0,
        "regex": "[A-Za-z0-9\\.,;:!?()\\\"'%\\-]+"
      },
      "meta": {
        "profiler_details": {
          "evaluated_regexes": {
            "(?:25[0-5]|2[0-4]\\d|[01]\\d{2}|\\d{1,2})(?:.(?:25[0-5]|2[0-4]\\d|[01]\\d{2}|\\d{1,2})){3}": 0.0,
            "-?\\d+": 0.0,
            "-?\\d+(?:\\.\\d*)?": 0.0,
            "<\\/?(?:p|a|b|img)(?: \\/)?>": 0.0,
            "[A-Za-z0-9\\.,;:!?()\\\"'%\\-]+": 1.0,
            "\\b[0-9a-fA-F]{8}\\b-[0-9a-fA-F]{4}-[0-5][0-9a-fA-F]{3}-[089ab][0-9a-fA-F]{3}-\\b[0-9a-fA-F]{12}\\b ": 0.0,
            "\\d+": 0.0,
            "\\s+$": 0.0,
            "^\\s+": 0.0,
            "https?:\\/\\/(?:www\\.)?[-a-zA-Z0-9@:%._\\+~#=]{2,255}\\.[a-z]{2,6}\\b(?:[-a-zA-Z0-9@:%_\\+.~#()?&//=]*)": 0.0
          },
          "success_ratio": 1.0
        }
      }
    },
    {
      "expectation_type": "expect_column_value_lengths_to_be_between",
      "kwargs": {
        "column": "Size",
        "max_value": 5,
        "min_value": 3,
        "mostly": 1.0,
        "strict_max": false,
        "strict_min": false
      },
      "meta": {
        "profiler_details": {
          "column_max_length_range_estimator": {
            "metric_configuration": {
              "domain_kwargs": {
                "column": "Size"
              },
              "metric_name": "column_values.length.max",
              "metric_value_kwargs": null
            },
            "num_batches": 1
          },
          "column_min_length_range_estimator": {
            "metric_configuration": {
              "domain_kwargs": {
                "column": "Size"
              },
              "metric_name": "column_values.length.min",
              "metric_value_kwargs": null
            },
            "num_batches": 1
          }
        }
      }
    },
    {
      "expectation_type": "expect_column_values_to_match_regex",
      "kwargs": {
        "column": "Size",
        "mostly": 1.0,
        "regex": "[A-Za-z0-9\\.,;:!?()\\\"'%\\-]+"
      },
      "meta": {
        "profiler_details": {
          "evaluated_regexes": {
            "(?:25[0-5]|2[0-4]\\d|[01]\\d{2}|\\d{1,2})(?:.(?:25[0-5]|2[0-4]\\d|[01]\\d{2}|\\d{1,2})){3}": 0.0,
            "-?\\d+": 0.0,
            "-?\\d+(?:\\.\\d*)?": 0.0,
            "<\\/?(?:p|a|b|img)(?: \\/)?>": 0.0,
            "[A-Za-z0-9\\.,;:!?()\\\"'%\\-]+": 1.0,
            "\\b[0-9a-fA-F]{8}\\b-[0-9a-fA-F]{4}-[0-5][0-9a-fA-F]{3}-[089ab][0-9a-fA-F]{3}-\\b[0-9a-fA-F]{12}\\b ": 0.0,
            "\\d+": 0.0,
            "\\s+$": 0.0,
            "^\\s+": 0.0,
            "https?:\\/\\/(?:www\\.)?[-a-zA-Z0-9@:%._\\+~#=]{2,255}\\.[a-z]{2,6}\\b(?:[-a-zA-Z0-9@:%_\\+.~#()?&//=]*)": 0.0
          },
          "success_ratio": 1.0
        }
      }
    },
    {
      "expectation_type": "expect_column_value_lengths_to_be_between",
      "kwargs": {
        "column": "Item_Gender",
        "max_value": 7,
        "min_value": 5,
        "mostly": 1.0,
        "strict_max": false,
        "strict_min": false
      },
      "meta": {
        "profiler_details": {
          "column_max_length_range_estimator": {
            "metric_configuration": {
              "domain_kwargs": {
                "column": "Item_Gender"
              },
              "metric_name": "column_values.length.max",
              "metric_value_kwargs": null
            },
            "num_batches": 1
          },
          "column_min_length_range_estimator": {
            "metric_configuration": {
              "domain_kwargs": {
                "column": "Item_Gender"
              },
              "metric_name": "column_values.length.min",
              "metric_value_kwargs": null
            },
            "num_batches": 1
          }
        }
      }
    },
    {
      "expectation_type": "expect_column_values_to_match_regex",
      "kwargs": {
        "column": "Item_Gender",
        "mostly": 1.0,
        "regex": "[A-Za-z0-9\\.,;:!?()\\\"'%\\-]+"
      },
      "meta": {
        "profiler_details": {
          "evaluated_regexes": {
            "(?:25[0-5]|2[0-4]\\d|[01]\\d{2}|\\d{1,2})(?:.(?:25[0-5]|2[0-4]\\d|[01]\\d{2}|\\d{1,2})){3}": 0.0,
            "-?\\d+": 0.0,
            "-?\\d+(?:\\.\\d*)?": 0.0,
            "<\\/?(?:p|a|b|img)(?: \\/)?>": 0.0,
            "[A-Za-z0-9\\.,;:!?()\\\"'%\\-]+": 1.0,
            "\\b[0-9a-fA-F]{8}\\b-[0-9a-fA-F]{4}-[0-5][0-9a-fA-F]{3}-[089ab][0-9a-fA-F]{3}-\\b[0-9a-fA-F]{12}\\b ": 0.0,
            "\\d+": 0.0,
            "\\s+$": 0.0,
            "^\\s+": 0.0,
            "https?:\\/\\/(?:www\\.)?[-a-zA-Z0-9@:%._\\+~#=]{2,255}\\.[a-z]{2,6}\\b(?:[-a-zA-Z0-9@:%_\\+.~#()?&//=]*)": 0.0
          },
          "success_ratio": 1.0
        }
      }
    },
    {
      "expectation_type": "expect_column_values_to_be_in_set",
      "kwargs": {
        "column": "Name",
        "mostly": 1.0,
        "value_set": [
          "Harold Nidl",
          "Melissae Velasquez",
          "Kye Randolph",
          "Shere Powers",
          "Christoe Ashley",
          "Mege Dixon",
          "Je Moore",
          "Yvete Hayes",
          "Heathere Gregory",
          "Heathere Ross",
          "Heathere Davis",
          "Matthewe Norton",
          "Phillipe Singleton",
          "Robee Sexton",
          "Denne Hicks",
          "Shannone Christian",
          "Michelle Nidl",
          "Kye Carter",
          "Michaele Rodriguez",
          "Joe Flores",
          "Ade Roman",
          "Cine Vazquez",
          "Robee Moore",
          "Dave Hall",
          "Pamee Singh",
          "Mae Butler",
          "Andre Kennedy",
          "Kimberle Holt",
          "Emie White",
          "Ae Dawson",
          "Nataliee Guerra",
          "Cine Mcdonald",
          "Jase Beasley",
          "Lie Martin",
          "Stephane Wright",
          "Anthonye Long",
          "Nie Jacobs",
          "Laure Fleming",
          "Rebeccae Chang",
          "Kiae Gonzalez",
          "Lie Clark",
          "Ade Herman",
          "Charlese Price",
          "Patricke Braun",
          "Christie Campbell",
          "Amane Martin",
          "Lue Alexander",
          "Douglase Tran",
          "Williame Villa",
          "Victe Quinn",
          "Mege Johnson",
          "Haroe Zuniga",
          "Joshe Riley",
          "Francese Foster"
        ]
      },
      "meta": {
        "profiler_details": {
          "metric_configuration": {
            "domain_kwargs": {
              "column": "Name"
            },
            "metric_name": "column.distinct_values",
            "metric_value_kwargs": null
          },
          "num_batches": 1,
          "parse_strings_as_datetimes": false
        }
      }
    },
    {
      "expectation_type": "expect_column_unique_value_count_to_be_between",
      "kwargs": {
        "column": "Name",
        "max_value": 54,
        "min_value": 54,
        "strict_max": false,
        "strict_min": false
      },
      "meta": {
        "profiler_details": {
          "metric_configuration": {
            "domain_kwargs": {
              "column": "Name"
            },
            "metric_name": "column.distinct_values.count",
            "metric_value_kwargs": null
          },
          "num_batches": 1
        }
      }
    },
    {
      "expectation_type": "expect_column_proportion_of_unique_values_to_be_between",
      "kwargs": {
        "column": "Name",
        "max_value": 0.4909090909090909,
        "min_value": 0.4909090909090909,
        "strict_max": false,
        "strict_min": false
      },
      "meta": {
        "profiler_details": {
          "metric_configuration": {
            "domain_kwargs": {
              "column": "Name"
            },
            "metric_name": "column.unique_proportion",
            "metric_value_kwargs": null
          },
          "num_batches": 1
        }
      }
    },
    {
      "expectation_type": "expect_column_values_to_be_in_set",
      "kwargs": {
        "column": "Address",
        "mostly": 1.0,
        "value_set": [
          "0581 Thomas Rapids Greensboro, NC 27311",
          "348 Daniel Plains Wilmington, NC 27196",
          "0496 Knapp Alley Winston-Salem, NC 27106",
          "186 Susan Glen Suite 663 Charlotte, NC 27182",
          "4881 Luis Tunnel Suite 298 Raleigh, NC 27593",
          "7137 Donald Ville Durham, NC 27315",
          "73125 Crosby Spurs Suite 050 Charlotte, NC 28103",
          "90525 Simpson Prairie Apt. 973 Raleigh, NC 28542",
          "5756 Ware Lodge Cary, NC 27740",
          "2995 Fuller Ports Apt. 604 Wilmington, NC 28770",
          "625 Ramirez Islands Fayetteville, NC 28544",
          "44381 Jerry Way Greensboro, NC 27092",
          "219 Benitez Cape Suite 689 Raleigh, NC 27794",
          "700 Harper Mount Winston-Salem, NC 27184",
          "689 Robin Square Charlotte, NC 27036",
          "80441 Waters Land Durham, NC 27611",
          "82144 Henson Plaza Suite 466 Greensboro, NC 27942",
          "676 Matthew Road Suite 338 Concord, NC 27455",
          "101 Perez Glens Charlotte, NC 27403",
          "100 SAS Campus Drive Cary, NC 27513",
          "039 Misty Stream Apt. 125 High Point, NC 27496",
          "2111 David Rest Winston-Salem, NC 27588",
          "32210 Theresa Fields Apt. 704 Charlotte, NC 28752",
          "95502 Mary Expressway Suite 754 Fayetteville, NC 28505",
          "6673 Howell Harbor Cary, NC 27537",
          "7210 White Island Apt. 916 Raleigh, NC 27934",
          "3688 Benjamin Roads Cary, NC 27973",
          "6457 Kayla Turnpike Apt. 288 Greensboro, NC 28354",
          "28319 Rasmussen Village Apt. 547 Greensboro, NC 27495",
          "766 Randy Mount Raleigh, NC 28496",
          "04070 Holt Lane Wilmington, NC 28536",
          "2774 Donald Unions Fayetteville, NC 28635",
          "785 Joe Corner Wilmington, NC 28398",
          "106 Sullivan Spur High Point, NC 28332",
          "780 Christina Well Suite 791 Raleigh, NC 27208",
          "27733 Stephanie Overpass Wilmington, NC 27634",
          "012 Padilla Junctions Raleigh, NC 27854",
          "21741 Gilbert Lock Raleigh, NC 27474",
          "3406 Mccormick Ports Suite 466 Charlotte, NC 28784",
          "36745 Roberts Drives Raleigh, NC 28031",
          "721 Timothy Radial Cary, NC 27485",
          "810 Peters Stravenue Apt. 748 High Point, NC 28133",
          "45909 Lamb Alley Apt. 126 Wilmington, NC 27360",
          "4391 Johnny Trace Raleigh, NC 27528",
          "007 Lisa Key Winston-Salem, NC 27906",
          "0174 Atkins Causeway Durham, NC 28449",
          "2443 Henderson Road Apt. 654 Raleigh, NC 27633",
          "17097 Nash Streets Concord, NC 27598",
          "8127 Thornton Harbors Raleigh, NC 28776",
          "8523 Bean Knolls Cary, NC 28402",
          "34870 Donna Mountains Fayetteville, NC 28317",
          "4306 Tara Prairie Suite 379 Charlotte, NC 28794",
          "19970 Sarah Throughway Apt. 946 Raleigh, NC 27366"
        ]
      },
      "meta": {
        "profiler_details": {
          "metric_configuration": {
            "domain_kwargs": {
              "column": "Address"
            },
            "metric_name": "column.distinct_values",
            "metric_value_kwargs": null
          },
          "num_batches": 1,
          "parse_strings_as_datetimes": false
        }
      }
    },
    {
      "expectation_type": "expect_column_unique_value_count_to_be_between",
      "kwargs": {
        "column": "Address",
        "max_value": 53,
        "min_value": 53,
        "strict_max": false,
        "strict_min": false
      },
      "meta": {
        "profiler_details": {
          "metric_configuration": {
            "domain_kwargs": {
              "column": "Address"
            },
            "metric_name": "column.distinct_values.count",
            "metric_value_kwargs": null
          },
          "num_batches": 1
        }
      }
    },
    {
      "expectation_type": "expect_column_proportion_of_unique_values_to_be_between",
      "kwargs": {
        "column": "Address",
        "max_value": 0.4818181818181818,
        "min_value": 0.4818181818181818,
        "strict_max": false,
        "strict_min": false
      },
      "meta": {
        "profiler_details": {
          "metric_configuration": {
            "domain_kwargs": {
              "column": "Address"
            },
            "metric_name": "column.unique_proportion",
            "metric_value_kwargs": null
          },
          "num_batches": 1
        }
      }
    },
    {
      "expectation_type": "expect_column_values_to_be_in_set",
      "kwargs": {
        "column": "Phone",
        "mostly": 1.0,
        "value_set": [
          "833.032.1809x687",
          "9294850573",
          "911-321-5827x97549",
          "025.702.4198x783",
          "001-324-281-6852",
          "(648)258-3048x720",
          "+1-044-413-8963x348",
          "001-406-490-4960x798",
          "001-825-341-3031",
          "+1-415-177-3075x65930",
          "+1-636-429-1649x8162",
          "627-236-3072x1296",
          "001-188-485-5150",
          "(369)091-4488",
          "+1-820-345-7884x7335",
          "+1-773-461-0601x01576",
          "001-026-633-7135",
          "001-484-785-5915",
          "800954669",
          "919-513-1000",
          "4190762927",
          "(888)522-1964",
          "630-437-0282",
          "001-625-400-2856x5183",
          "+1-258-594-1962x41760",
          "300-729-2791",
          "323.545.8600",
          "(605)240-7602",
          "103.906.5324",
          "(911)445-8858",
          "286-591-8375x5089",
          "215.212.1566",
          "309695600",
          "001-182-962-5027",
          "783-452-9786",
          "001-781-910-7377x6305",
          "796-149-2373x606",
          "754468892",
          "(607)932-8537",
          "(298)264-7241x899",
          "565.805.4562x495",
          "+1-737-597-2445x515",
          "001-245-012-2755x972",
          "792-693-9057x9347",
          "094.404.7486"
        ]
      },
      "meta": {
        "profiler_details": {
          "metric_configuration": {
            "domain_kwargs": {
              "column": "Phone"
            },
            "metric_name": "column.distinct_values",
            "metric_value_kwargs": null
          },
          "num_batches": 1,
          "parse_strings_as_datetimes": false
        }
      }
    },
    {
      "expectation_type": "expect_column_unique_value_count_to_be_between",
      "kwargs": {
        "column": "Phone",
        "max_value": 45,
        "min_value": 45,
        "strict_max": false,
        "strict_min": false
      },
      "meta": {
        "profiler_details": {
          "metric_configuration": {
            "domain_kwargs": {
              "column": "Phone"
            },
            "metric_name": "column.distinct_values.count",
            "metric_value_kwargs": null
          },
          "num_batches": 1
        }
      }
    },
    {
      "expectation_type": "expect_column_proportion_of_unique_values_to_be_between",
      "kwargs": {
        "column": "Phone",
        "max_value": 0.6164383561643836,
        "min_value": 0.6164383561643836,
        "strict_max": false,
        "strict_min": false
      },
      "meta": {
        "profiler_details": {
          "metric_configuration": {
            "domain_kwargs": {
              "column": "Phone"
            },
            "metric_name": "column.unique_proportion",
            "metric_value_kwargs": null
          },
          "num_batches": 1
        }
      }
    },
    {
      "expectation_type": "expect_column_values_to_be_in_set",
      "kwargs": {
        "column": "Email",
        "mostly": 1.0,
        "value_set": [
          "zfleming@hotmail.com",
          "christina59@crawford-webb.org",
          "meyeramy@livingston.info",
          "sharonhall@alexander.com",
          "samuelhinton@yahoo.com",
          "mendozadavid@yahoo.com",
          "zrobertson@gmail.com",
          "lauren12@taylor.com",
          "jonesmary@hayden.org",
          "nolanjessica@gmail.com",
          "tanya75@gmail.com",
          "ashleyrodriguez@hotmail.com",
          "tarabarber@dominguez.com",
          "calebcannon@hotmail.com",
          "gcollins@acosta.com",
          "lindacochran@gmail.com",
          "mark14@hotmail.com",
          "carly61@gmail.com",
          "michael63@gmail.com",
          "christopherhall@yahoo.com",
          "patrick89@smith.net",
          "fspencer@gmail.com",
          "reedstephanie@wright-torres.c",
          "edwardreed@myers-conley.org",
          "frances65@gmail.com",
          "jillrobinson@yahoo.com",
          "angela14@yahoo.com",
          "mnidl@gmail.com",
          "bschmidt@yahoo.com",
          "ivaldez@thomas-norris.com",
          "dperry@hotmail.com",
          "allenamy@anderson-young.com",
          "rallen@yahoo.com",
          "kendra52@yahoo.com",
          "danny17@mooney.org",
          "tracyfrazier@hotmail.com",
          "sorr@mitchell.com",
          "harold.nidl@sas.com",
          "terry94@yahoo.com",
          "tina50@hotmail.com",
          "milesmichelle@king.org",
          "xgarza@davis.com",
          "clewis@gmail.com",
          "elizabethphillips@davis.org",
          "jamiebaker@hotmail.com",
          "david43@diaz-jones.info",
          "gregory07@welch.com",
          "joshuastanton@matthews.com",
          "christinagilmore@bradley.info",
          "thenry@jarvis-camacho.com",
          "cynthia49@mills.info",
          "aguilarshaun@whitaker.biz",
          "melissagreen@gmail.com",
          "tuckerbetty@mcintyre-wright.o"
        ]
      },
      "meta": {
        "profiler_details": {
          "metric_configuration": {
            "domain_kwargs": {
              "column": "Email"
            },
            "metric_name": "column.distinct_values",
            "metric_value_kwargs": null
          },
          "num_batches": 1,
          "parse_strings_as_datetimes": false
        }
      }
    },
    {
      "expectation_type": "expect_column_unique_value_count_to_be_between",
      "kwargs": {
        "column": "Email",
        "max_value": 54,
        "min_value": 54,
        "strict_max": false,
        "strict_min": false
      },
      "meta": {
        "profiler_details": {
          "metric_configuration": {
            "domain_kwargs": {
              "column": "Email"
            },
            "metric_name": "column.distinct_values.count",
            "metric_value_kwargs": null
          },
          "num_batches": 1
        }
      }
    },
    {
      "expectation_type": "expect_column_proportion_of_unique_values_to_be_between",
      "kwargs": {
        "column": "Email",
        "max_value": 0.4909090909090909,
        "min_value": 0.4909090909090909,
        "strict_max": false,
        "strict_min": false
      },
      "meta": {
        "profiler_details": {
          "metric_configuration": {
            "domain_kwargs": {
              "column": "Email"
            },
            "metric_name": "column.unique_proportion",
            "metric_value_kwargs": null
          },
          "num_batches": 1
        }
      }
    },
    {
      "expectation_type": "expect_column_values_to_be_in_set",
      "kwargs": {
        "column": "Item",
        "mostly": 1.0,
        "value_set": [
          "Cap",
          "Hoodie",
          "Jersey",
          "Scarf",
          "T-Shirt"
        ]
      },
      "meta": {
        "profiler_details": {
          "metric_configuration": {
            "domain_kwargs": {
              "column": "Item"
            },
            "metric_name": "column.distinct_values",
            "metric_value_kwargs": null
          },
          "num_batches": 1,
          "parse_strings_as_datetimes": false
        }
      }
    },
    {
      "expectation_type": "expect_column_unique_value_count_to_be_between",
      "kwargs": {
        "column": "Item",
        "max_value": 5,
        "min_value": 5,
        "strict_max": false,
        "strict_min": false
      },
      "meta": {
        "profiler_details": {
          "metric_configuration": {
            "domain_kwargs": {
              "column": "Item"
            },
            "metric_name": "column.distinct_values.count",
            "metric_value_kwargs": null
          },
          "num_batches": 1
        }
      }
    },
    {
      "expectation_type": "expect_column_proportion_of_unique_values_to_be_between",
      "kwargs": {
        "column": "Item",
        "max_value": 0.045454545454545456,
        "min_value": 0.045454545454545456,
        "strict_max": false,
        "strict_min": false
      },
      "meta": {
        "profiler_details": {
          "metric_configuration": {
            "domain_kwargs": {
              "column": "Item"
            },
            "metric_name": "column.unique_proportion",
            "metric_value_kwargs": null
          },
          "num_batches": 1
        }
      }
    },
    {
      "expectation_type": "expect_column_values_to_be_in_set",
      "kwargs": {
        "column": "Size",
        "mostly": 1.0,
        "value_set": [
          "Kid",
          "Adult"
        ]
      },
      "meta": {
        "profiler_details": {
          "metric_configuration": {
            "domain_kwargs": {
              "column": "Size"
            },
            "metric_name": "column.distinct_values",
            "metric_value_kwargs": null
          },
          "num_batches": 1,
          "parse_strings_as_datetimes": false
        }
      }
    },
    {
      "expectation_type": "expect_column_unique_value_count_to_be_between",
      "kwargs": {
        "column": "Size",
        "max_value": 2,
        "min_value": 2,
        "strict_max": false,
        "strict_min": false
      },
      "meta": {
        "profiler_details": {
          "metric_configuration": {
            "domain_kwargs": {
              "column": "Size"
            },
            "metric_name": "column.distinct_values.count",
            "metric_value_kwargs": null
          },
          "num_batches": 1
        }
      }
    },
    {
      "expectation_type": "expect_column_proportion_of_unique_values_to_be_between",
      "kwargs": {
        "column": "Size",
        "max_value": 0.01818181818181818,
        "min_value": 0.01818181818181818,
        "strict_max": false,
        "strict_min": false
      },
      "meta": {
        "profiler_details": {
          "metric_configuration": {
            "domain_kwargs": {
              "column": "Size"
            },
            "metric_name": "column.unique_proportion",
            "metric_value_kwargs": null
          },
          "num_batches": 1
        }
      }
    },
    {
      "expectation_type": "expect_column_values_to_be_in_set",
      "kwargs": {
        "column": "Item_Gender",
        "mostly": 1.0,
        "value_set": [
          "Men's",
          "Unisex",
          "Women's"
        ]
      },
      "meta": {
        "profiler_details": {
          "metric_configuration": {
            "domain_kwargs": {
              "column": "Item_Gender"
            },
            "metric_name": "column.distinct_values",
            "metric_value_kwargs": null
          },
          "num_batches": 1,
          "parse_strings_as_datetimes": false
        }
      }
    },
    {
      "expectation_type": "expect_column_unique_value_count_to_be_between",
      "kwargs": {
        "column": "Item_Gender",
        "max_value": 3,
        "min_value": 3,
        "strict_max": false,
        "strict_min": false
      },
      "meta": {
        "profiler_details": {
          "metric_configuration": {
            "domain_kwargs": {
              "column": "Item_Gender"
            },
            "metric_name": "column.distinct_values.count",
            "metric_value_kwargs": null
          },
          "num_batches": 1
        }
      }
    },
    {
      "expectation_type": "expect_column_proportion_of_unique_values_to_be_between",
      "kwargs": {
        "column": "Item_Gender",
        "max_value": 0.02727272727272727,
        "min_value": 0.02727272727272727,
        "strict_max": false,
        "strict_min": false
      },
      "meta": {
        "profiler_details": {
          "metric_configuration": {
            "domain_kwargs": {
              "column": "Item_Gender"
            },
            "metric_name": "column.unique_proportion",
            "metric_value_kwargs": null
          },
          "num_batches": 1
        }
      }
    },
    {
      "expectation_type": "expect_column_values_to_be_in_set",
      "kwargs": {
        "column": "Price",
        "mostly": 1.0,
        "value_set": [
          40.0,
          75.0,
          15.0,
          50.0,
          20.0,
          25.0
        ]
      },
      "meta": {
        "profiler_details": {
          "metric_configuration": {
            "domain_kwargs": {
              "column": "Price"
            },
            "metric_name": "column.distinct_values",
            "metric_value_kwargs": null
          },
          "num_batches": 1,
          "parse_strings_as_datetimes": false
        }
      }
    },
    {
      "expectation_type": "expect_column_unique_value_count_to_be_between",
      "kwargs": {
        "column": "Price",
        "max_value": 6,
        "min_value": 6,
        "strict_max": false,
        "strict_min": false
      },
      "meta": {
        "profiler_details": {
          "metric_configuration": {
            "domain_kwargs": {
              "column": "Price"
            },
            "metric_name": "column.distinct_values.count",
            "metric_value_kwargs": null
          },
          "num_batches": 1
        }
      }
    },
    {
      "expectation_type": "expect_column_proportion_of_unique_values_to_be_between",
      "kwargs": {
        "column": "Price",
        "max_value": 0.05454545454545454,
        "min_value": 0.05454545454545454,
        "strict_max": false,
        "strict_min": false
      },
      "meta": {
        "profiler_details": {
          "metric_configuration": {
            "domain_kwargs": {
              "column": "Price"
            },
            "metric_name": "column.unique_proportion",
            "metric_value_kwargs": null
          },
          "num_batches": 1
        }
      }
    },
    {
      "expectation_type": "expect_column_values_to_be_in_set",
      "kwargs": {
        "column": "Quantity",
        "mostly": 1.0,
        "value_set": [
          1.0,
          2.0,
          3.0,
          4.0,
          5.0
        ]
      },
      "meta": {
        "profiler_details": {
          "metric_configuration": {
            "domain_kwargs": {
              "column": "Quantity"
            },
            "metric_name": "column.distinct_values",
            "metric_value_kwargs": null
          },
          "num_batches": 1,
          "parse_strings_as_datetimes": false
        }
      }
    },
    {
      "expectation_type": "expect_column_unique_value_count_to_be_between",
      "kwargs": {
        "column": "Quantity",
        "max_value": 5,
        "min_value": 5,
        "strict_max": false,
        "strict_min": false
      },
      "meta": {
        "profiler_details": {
          "metric_configuration": {
            "domain_kwargs": {
              "column": "Quantity"
            },
            "metric_name": "column.distinct_values.count",
            "metric_value_kwargs": null
          },
          "num_batches": 1
        }
      }
    },
    {
      "expectation_type": "expect_column_proportion_of_unique_values_to_be_between",
      "kwargs": {
        "column": "Quantity",
        "max_value": 0.045454545454545456,
        "min_value": 0.045454545454545456,
        "strict_max": false,
        "strict_min": false
      },
      "meta": {
        "profiler_details": {
          "metric_configuration": {
            "domain_kwargs": {
              "column": "Quantity"
            },
            "metric_name": "column.unique_proportion",
            "metric_value_kwargs": null
          },
          "num_batches": 1
        }
      }
    }
  ],
  "ge_cloud_id": null,
  "meta": {
    "citations": [
      {
        "citation_date": "2024-10-21T16:37:04.471471Z",
        "comment": "Created by effective Rule-Based Profiler of OnboardingDataAssistant with the configuration included.\n"
      }
    ],
    "great_expectations_version": "0.16.8"
  }
}
